日期,代碼,名稱,大戶,淨超,區間均價,現價,乖離率,20日高,10日均,5日均量,今日高,今日量,進場價,停損價,停利1,停利2,移動停損,每張風險NT$,每張獲利NT$,風報比,突破20日高,放量1.5倍,流動性足夠,站上10均,大盤站月線,綜合判斷
20260410,0050,元大台灣50,新加坡商瑞銀,-2133,0.0,80.75,0.0%,80.8,76.08,124449014,80.8,120237467,81.61,75.08,97.93,110.17,76.08,6530,16320,2.5,❌,❌,✅,✅,✅,觀察
20260410,0050,元大台灣50,摩根士丹利 (大摩總部),-5712,0.0,80.75,0.0%,80.8,76.08,124449014,80.8,120237467,81.61,75.08,97.93,110.17,76.08,6530,16320,2.5,❌,❌,✅,✅,✅,觀察
20260410,0050,元大台灣50,花旗環球,15783,79.36,80.75,1.75%,80.8,76.08,124449014,80.8,120237467,81.61,75.08,97.93,110.17,76.08,6530,16320,2.5,❌,❌,✅,✅,✅,觀察
20260410,0052,富邦科技,新加坡商瑞銀,-1832,0.0,47.94,0.0%,47.94,45.08,49424478,47.94,65494874,48.42,44.55,58.1,65.37,45.08,3870,9680,2.5,❌,❌,✅,✅,✅,觀察
20260410,0056,元大高股息,摩根大通 (小摩總部),5000,38.03,39.41,3.63%,39.58,38.35,76481545,39.57,49684759,39.98,36.78,47.98,53.97,38.35,3200,8000,2.5,❌,❌,✅,✅,✅,觀察
20260410,0056,元大高股息,花旗環球,-4074,0.0,39.41,0.0%,39.58,38.35,76481545,39.57,49684759,39.98,36.78,47.98,53.97,38.35,3200,8000,2.5,❌,❌,✅,✅,✅,觀察
20260410,1101,台泥,摩根士丹利 (大摩總部),-12552,0.0,25.4,0.0%,26.4,23.85,45004954,26.4,52794415,26.66,24.53,31.99,35.99,23.85,2130,5330,2.5,❌,❌,✅,✅,✅,觀察
20260410,1101,台泥,美商高盛,-4500,0.0,25.4,0.0%,26.4,23.85,45004954,26.4,52794415,26.66,24.53,31.99,35.99,23.85,2130,5330,2.5,❌,❌,✅,✅,✅,觀察
20260410,1216,統一,新加坡商瑞銀,4630,71.97,71.8,-0.24%,73.3,71.95,8566073,72.4,13660141,74.03,68.11,88.84,99.94,71.95,5920,14810,2.5,❌,✅,✅,❌,✅,觀察
20260410,1216,統一,美商美林,3013,71.78,71.8,0.03%,73.3,71.95,8566073,72.4,13660141,74.03,68.11,88.84,99.94,71.95,5920,14810,2.5,❌,✅,✅,❌,✅,觀察
20260410,1216,統一,港商麥格理,-1516,0.0,71.8,0.0%,73.3,71.95,8566073,72.4,13660141,74.03,68.11,88.84,99.94,71.95,5920,14810,2.5,❌,✅,✅,❌,✅,觀察
20260410,1216,統一,美商高盛,-1997,0.0,71.8,0.0%,73.3,71.95,8566073,72.4,13660141,74.03,68.11,88.84,99.94,71.95,5920,14810,2.5,❌,✅,✅,❌,✅,觀察
20260410,1216,統一,花旗環球,-1846,0.0,71.8,0.0%,73.3,71.95,8566073,72.4,13660141,74.03,68.11,88.84,99.94,71.95,5920,14810,2.5,❌,✅,✅,❌,✅,觀察
20260410,1301,台塑,新加坡商瑞銀,4465,46.81,46.95,0.3%,50.5,47.01,22799663,47.9,15703837,51.01,46.93,61.21,68.86,47.01,4080,10200,2.5,❌,❌,✅,❌,✅,觀察
20260410,1301,台塑,摩根大通 (小摩總部),-888,0.0,46.95,0.0%,50.5,47.01,22799663,47.9,15703837,51.01,46.93,61.21,68.86,47.01,4080,10200,2.5,❌,❌,✅,❌,✅,觀察
20260410,1301,台塑,香港上海匯豐,1352,46.67,46.95,0.6%,50.5,47.01,22799663,47.9,15703837,51.01,46.93,61.21,68.86,47.01,4080,10200,2.5,❌,❌,✅,❌,✅,觀察
20260410,1301,台塑,港商麥格理,-2810,0.0,46.95,0.0%,50.5,47.01,22799663,47.9,15703837,51.01,46.93,61.21,68.86,47.01,4080,10200,2.5,❌,❌,✅,❌,✅,觀察
20260410,1301,台塑,花旗環球,2601,47.33,46.95,-0.8%,50.5,47.01,22799663,47.9,15703837,51.01,46.93,61.21,68.86,47.01,4080,10200,2.5,❌,❌,✅,❌,✅,觀察
20260410,1303,南亞,新加坡商瑞銀,1536,102.19,81.6,-20.15%,91.0,79.25,94756591,87.2,91562190,91.91,84.56,110.29,124.08,79.25,7350,18380,2.5,❌,❌,✅,✅,✅,觀察
20260410,1303,南亞,摩根士丹利 (大摩總部),3381,87.06,81.6,-6.27%,91.0,79.25,94756591,87.2,91562190,91.91,84.56,110.29,124.08,79.25,7350,18380,2.5,❌,❌,✅,✅,✅,觀察
20260410,1303,南亞,美商美林,-6395,0.0,81.6,0.0%,91.0,79.25,94756591,87.2,91562190,91.91,84.56,110.29,124.08,79.25,7350,18380,2.5,❌,❌,✅,✅,✅,觀察
20260410,1303,南亞,摩根大通 (小摩總部),616,83.06,81.6,-1.76%,91.0,79.25,94756591,87.2,91562190,91.91,84.56,110.29,124.08,79.25,7350,18380,2.5,❌,❌,✅,✅,✅,觀察
20260410,1303,南亞,香港上海匯豐,-3762,0.0,81.6,0.0%,91.0,79.25,94756591,87.2,91562190,91.91,84.56,110.29,124.08,79.25,7350,18380,2.5,❌,❌,✅,✅,✅,觀察
20260410,1303,南亞,美商高盛,-1715,0.0,81.6,0.0%,91.0,79.25,94756591,87.2,91562190,91.91,84.56,110.29,124.08,79.25,7350,18380,2.5,❌,❌,✅,✅,✅,觀察
20260410,1326,台化,美商美林,5943,46.14,45.45,-1.5%,51.0,45.49,29555664,46.2,18530502,51.51,47.39,61.81,69.54,45.49,4120,10300,2.5,❌,❌,✅,❌,✅,觀察
20260410,1326,台化,摩根大通 (小摩總部),1792,45.36,45.45,0.2%,51.0,45.49,29555664,46.2,18530502,51.51,47.39,61.81,69.54,45.49,4120,10300,2.5,❌,❌,✅,❌,✅,觀察
20260410,1326,台化,美商高盛,3298,45.11,45.45,0.75%,51.0,45.49,29555664,46.2,18530502,51.51,47.39,61.81,69.54,45.49,4120,10300,2.5,❌,❌,✅,❌,✅,觀察
20260410,1326,台化,花旗環球,5483,45.58,45.45,-0.29%,51.0,45.49,29555664,46.2,18530502,51.51,47.39,61.81,69.54,45.49,4120,10300,2.5,❌,❌,✅,❌,✅,觀察
20260410,1402,遠東新,摩根士丹利 (大摩總部),-10358,0.0,26.65,0.0%,28.6,26.55,14058500,26.8,13544401,28.89,26.58,34.67,39.0,26.55,2310,5780,2.5,❌,❌,✅,✅,✅,觀察
20260410,1402,遠東新,香港上海匯豐,-1364,0.0,26.65,0.0%,28.6,26.55,14058500,26.8,13544401,28.89,26.58,34.67,39.0,26.55,2310,5780,2.5,❌,❌,✅,✅,✅,觀察
20260410,1402,遠東新,港商麥格理,4009,26.69,26.65,-0.15%,28.6,26.55,14058500,26.8,13544401,28.89,26.58,34.67,39.0,26.55,2310,5780,2.5,❌,❌,✅,✅,✅,觀察
20260410,1477,聚陽,香港上海匯豐,169,219.3,219.5,0.09%,291.86,228.35,1650335,224.0,1022397,294.78,271.2,353.74,397.95,228.35,23580,58960,2.5,❌,❌,✅,❌,✅,觀察
20260410,1582,信錦,香港上海匯豐,-334,0.0,97.2,0.0%,112.5,101.57,12571861,101.5,9660914,113.62,104.53,136.34,153.39,101.57,9090,22720,2.5,❌,❌,✅,❌,✅,觀察
20260410,1590,亞德客-KY,摩根大通 (小摩總部),-192,0.0,1115.0,0.0%,1120.0,1029.1,804469,1120.0,988561,1131.2,1040.7,1357.44,1527.12,1029.1,90500,226240,2.5,❌,❌,✅,✅,✅,觀察
20260410,1711,永光,美商美林,-7430,0.0,38.7,0.0%,45.85,37.09,34822435,40.3,64389625,46.31,42.61,55.57,62.52,37.09,3700,9260,2.5,❌,✅,✅,✅,✅,觀察
20260410,1717,長興,新加坡商瑞銀,6683,72.57,80.0,10.24%,80.6,64.5,86022071,80.6,217601541,81.41,74.9,97.69,109.9,64.5,6510,16280,2.5,❌,✅,✅,✅,✅,觀察
20260410,1717,長興,美商美林,5008,67.88,80.0,17.86%,80.6,64.5,86022071,80.6,217601541,81.41,74.9,97.69,109.9,64.5,6510,16280,2.5,❌,✅,✅,✅,✅,觀察
20260410,1717,長興,港商麥格理,1235,78.22,80.0,2.28%,80.6,64.5,86022071,80.6,217601541,81.41,74.9,97.69,109.9,64.5,6510,16280,2.5,❌,✅,✅,✅,✅,觀察
20260410,1717,長興,美商高盛,5102,75.03,80.0,6.62%,80.6,64.5,86022071,80.6,217601541,81.41,74.9,97.69,109.9,64.5,6510,16280,2.5,❌,✅,✅,✅,✅,觀察
20260410,1717,長興,花旗環球,867,72.97,80.0,9.63%,80.6,64.5,86022071,80.6,217601541,81.41,74.9,97.69,109.9,64.5,6510,16280,2.5,❌,✅,✅,✅,✅,觀察
20260410,1785,光洋科,美商美林,-3943,0.0,115.5,0.0%,115.5,95.07,27403970,115.5,7412362,116.66,107.33,139.99,157.49,95.07,9330,23330,2.5,❌,❌,✅,✅,✅,觀察
20260410,1785,光洋科,美商高盛,1619,95.83,115.5,20.53%,115.5,95.07,27403970,115.5,7412362,116.66,107.33,139.99,157.49,95.07,9330,23330,2.5,❌,❌,✅,✅,✅,觀察
20260410,1815,富喬,新加坡商瑞銀,6775,119.85,110.0,-8.22%,122.5,105.11,80849554,122.0,117300760,123.72,113.82,148.46,167.02,105.11,9900,24740,2.5,❌,❌,✅,✅,✅,觀察
20260410,1815,富喬,摩根士丹利 (大摩總部),6443,127.62,110.0,-13.81%,122.5,105.11,80849554,122.0,117300760,123.72,113.82,148.46,167.02,105.11,9900,24740,2.5,❌,❌,✅,✅,✅,觀察
20260410,1815,富喬,花旗環球,733,105.06,110.0,4.7%,122.5,105.11,80849554,122.0,117300760,123.72,113.82,148.46,167.02,105.11,9900,24740,2.5,❌,❌,✅,✅,✅,觀察
20260410,2002,中鋼,新加坡商瑞銀,11493,19.91,20.05,0.7%,20.55,19.61,42285794,20.55,45221226,20.76,19.1,24.91,28.03,19.61,1660,4150,2.5,❌,❌,✅,✅,✅,觀察
20260410,2002,中鋼,摩根士丹利 (大摩總部),27395,19.91,20.05,0.7%,20.55,19.61,42285794,20.55,45221226,20.76,19.1,24.91,28.03,19.61,1660,4150,2.5,❌,❌,✅,✅,✅,觀察
20260410,2002,中鋼,美商美林,27750,19.8,20.05,1.26%,20.55,19.61,42285794,20.55,45221226,20.76,19.1,24.91,28.03,19.61,1660,4150,2.5,❌,❌,✅,✅,✅,觀察
20260410,2002,中鋼,港商麥格理,14457,20.2,20.05,-0.74%,20.55,19.61,42285794,20.55,45221226,20.76,19.1,24.91,28.03,19.61,1660,4150,2.5,❌,❌,✅,✅,✅,觀察
20260410,2002,中鋼,美商高盛,6283,19.93,20.05,0.6%,20.55,19.61,42285794,20.55,45221226,20.76,19.1,24.91,28.03,19.61,1660,4150,2.5,❌,❌,✅,✅,✅,觀察
20260410,2006,東和鋼鐵,香港上海匯豐,768,71.03,71.0,-0.04%,79.18,69.98,2546742,72.2,3055548,79.98,73.58,95.98,107.97,69.98,6400,16000,2.5,❌,❌,✅,✅,✅,觀察
20260410,2027,大成鋼,摩根士丹利 (大摩總部),6294,38.45,37.75,-1.82%,40.2,37.5,38074308,39.3,35251529,40.6,37.35,48.72,54.81,37.5,3250,8120,2.5,❌,❌,✅,✅,✅,觀察
20260410,2027,大成鋼,美商美林,9754,38.3,37.75,-1.44%,40.2,37.5,38074308,39.3,35251529,40.6,37.35,48.72,54.81,37.5,3250,8120,2.5,❌,❌,✅,✅,✅,觀察
20260410,2301,光寶科,新加坡商瑞銀,2225,164.69,161.5,-1.94%,169.95,150.4,21373158,164.5,39052148,171.65,157.92,205.98,231.73,150.4,13730,34330,2.5,❌,✅,✅,✅,✅,觀察
20260410,2301,光寶科,摩根大通 (小摩總部),970,149.84,161.5,7.78%,169.95,150.4,21373158,164.5,39052148,171.65,157.92,205.98,231.73,150.4,13730,34330,2.5,❌,✅,✅,✅,✅,觀察
20260410,2301,光寶科,香港上海匯豐,344,152.63,161.5,5.81%,169.95,150.4,21373158,164.5,39052148,171.65,157.92,205.98,231.73,150.4,13730,34330,2.5,❌,✅,✅,✅,✅,觀察
20260410,2301,光寶科,港商麥格理,-815,0.0,161.5,0.0%,169.95,150.4,21373158,164.5,39052148,171.65,157.92,205.98,231.73,150.4,13730,34330,2.5,❌,✅,✅,✅,✅,觀察
20260410,2301,光寶科,美商高盛,-828,0.0,161.5,0.0%,169.95,150.4,21373158,164.5,39052148,171.65,157.92,205.98,231.73,150.4,13730,34330,2.5,❌,✅,✅,✅,✅,觀察
20260410,2301,光寶科,花旗環球,1143,142.57,161.5,13.28%,169.95,150.4,21373158,164.5,39052148,171.65,157.92,205.98,231.73,150.4,13730,34330,2.5,❌,✅,✅,✅,✅,觀察
20260410,2303,聯電,新加坡商瑞銀,18762,57.97,62.0,6.95%,63.5,58.11,132975970,63.5,151352143,64.14,59.01,76.97,86.59,58.11,5130,12830,2.5,❌,❌,✅,✅,✅,觀察
20260410,2303,聯電,摩根士丹利 (大摩總部),-4407,0.0,62.0,0.0%,63.5,58.11,132975970,63.5,151352143,64.14,59.01,76.97,86.59,58.11,5130,12830,2.5,❌,❌,✅,✅,✅,觀察
20260410,2303,聯電,摩根大通 (小摩總部),24376,57.24,62.0,8.32%,63.5,58.11,132975970,63.5,151352143,64.14,59.01,76.97,86.59,58.11,5130,12830,2.5,❌,❌,✅,✅,✅,觀察
20260410,2303,聯電,香港上海匯豐,9897,60.65,62.0,2.23%,63.5,58.11,132975970,63.5,151352143,64.14,59.01,76.97,86.59,58.11,5130,12830,2.5,❌,❌,✅,✅,✅,觀察
20260410,2303,聯電,港商麥格理,6232,58.16,62.0,6.6%,63.5,58.11,132975970,63.5,151352143,64.14,59.01,76.97,86.59,58.11,5130,12830,2.5,❌,❌,✅,✅,✅,觀察
20260410,2303,聯電,美商高盛,3561,55.04,62.0,12.65%,63.5,58.11,132975970,63.5,151352143,64.14,59.01,76.97,86.59,58.11,5130,12830,2.5,❌,❌,✅,✅,✅,觀察
20260410,2303,聯電,花旗環球,-4321,0.0,62.0,0.0%,63.5,58.11,132975970,63.5,151352143,64.14,59.01,76.97,86.59,58.11,5130,12830,2.5,❌,❌,✅,✅,✅,觀察
20260410,2308,台達電,摩根士丹利 (大摩總部),4174,1596.34,1735.0,8.69%,1750.0,1535.5,11372059,1750.0,11509133,1767.5,1626.1,2121.0,2386.12,1535.5,141400,353500,2.5,❌,❌,✅,✅,✅,觀察
20260410,2308,台達電,摩根大通 (小摩總部),-107,0.0,1735.0,0.0%,1750.0,1535.5,11372059,1750.0,11509133,1767.5,1626.1,2121.0,2386.12,1535.5,141400,353500,2.5,❌,❌,✅,✅,✅,觀察
20260410,2308,台達電,港商麥格理,1137,1515.63,1735.0,14.47%,1750.0,1535.5,11372059,1750.0,11509133,1767.5,1626.1,2121.0,2386.12,1535.5,141400,353500,2.5,❌,❌,✅,✅,✅,觀察
20260410,2308,台達電,花旗環球,-1580,0.0,1735.0,0.0%,1750.0,1535.5,11372059,1750.0,11509133,1767.5,1626.1,2121.0,2386.12,1535.5,141400,353500,2.5,❌,❌,✅,✅,✅,觀察
20260410,2313,華通,新加坡商瑞銀,-2682,0.0,286.0,0.0%,294.0,266.9,105725214,294.0,86882629,296.94,273.18,356.33,400.87,266.9,23760,59390,2.5,❌,❌,✅,✅,✅,觀察
20260410,2313,華通,摩根士丹利 (大摩總部),4468,279.56,286.0,2.3%,294.0,266.9,105725214,294.0,86882629,296.94,273.18,356.33,400.87,266.9,23760,59390,2.5,❌,❌,✅,✅,✅,觀察
20260410,2313,華通,美商美林,-2279,0.0,286.0,0.0%,294.0,266.9,105725214,294.0,86882629,296.94,273.18,356.33,400.87,266.9,23760,59390,2.5,❌,❌,✅,✅,✅,觀察
20260410,2313,華通,香港上海匯豐,-464,0.0,286.0,0.0%,294.0,266.9,105725214,294.0,86882629,296.94,273.18,356.33,400.87,266.9,23760,59390,2.5,❌,❌,✅,✅,✅,觀察
20260410,2313,華通,港商麥格理,-868,0.0,286.0,0.0%,294.0,266.9,105725214,294.0,86882629,296.94,273.18,356.33,400.87,266.9,23760,59390,2.5,❌,❌,✅,✅,✅,觀察
20260410,2313,華通,花旗環球,-554,0.0,286.0,0.0%,294.0,266.9,105725214,294.0,86882629,296.94,273.18,356.33,400.87,266.9,23760,59390,2.5,❌,❌,✅,✅,✅,觀察
20260410,2316,楠梓電,摩根士丹利 (大摩總部),4253,108.26,118.0,9.0%,118.5,102.11,8551006,118.0,13056339,119.69,110.11,143.63,161.58,102.11,9580,23940,2.5,❌,✅,✅,✅,✅,觀察
20260410,2317,鴻海,新加坡商瑞銀,-5591,0.0,200.5,0.0%,218.5,196.55,46831966,202.5,56681826,220.69,203.03,264.83,297.93,196.55,17660,44140,2.5,❌,❌,✅,✅,✅,觀察
20260410,2317,鴻海,摩根士丹利 (大摩總部),-2578,0.0,200.5,0.0%,218.5,196.55,46831966,202.5,56681826,220.69,203.03,264.83,297.93,196.55,17660,44140,2.5,❌,❌,✅,✅,✅,觀察
20260410,2317,鴻海,美商美林,6190,204.11,200.5,-1.77%,218.5,196.55,46831966,202.5,56681826,220.69,203.03,264.83,297.93,196.55,17660,44140,2.5,❌,❌,✅,✅,✅,觀察
20260410,2317,鴻海,摩根大通 (小摩總部),4193,197.53,200.5,1.5%,218.5,196.55,46831966,202.5,56681826,220.69,203.03,264.83,297.93,196.55,17660,44140,2.5,❌,❌,✅,✅,✅,觀察
20260410,2317,鴻海,香港上海匯豐,-685,0.0,200.5,0.0%,218.5,196.55,46831966,202.5,56681826,220.69,203.03,264.83,297.93,196.55,17660,44140,2.5,❌,❌,✅,✅,✅,觀察
20260410,2317,鴻海,美商高盛,-10877,0.0,200.5,0.0%,218.5,196.55,46831966,202.5,56681826,220.69,203.03,264.83,297.93,196.55,17660,44140,2.5,❌,❌,✅,✅,✅,觀察
20260410,2317,鴻海,花旗環球,593,209.05,200.5,-4.09%,218.5,196.55,46831966,202.5,56681826,220.69,203.03,264.83,297.93,196.55,17660,44140,2.5,❌,❌,✅,✅,✅,觀察
20260410,2324,仁寶,新加坡商瑞銀,-9144,0.0,28.2,0.0%,32.33,28.1,27246011,28.65,35943209,32.65,30.04,39.18,44.08,28.1,2610,6530,2.5,❌,❌,✅,✅,✅,觀察
20260410,2324,仁寶,美商美林,-12060,0.0,28.2,0.0%,32.33,28.1,27246011,28.65,35943209,32.65,30.04,39.18,44.08,28.1,2610,6530,2.5,❌,❌,✅,✅,✅,觀察
20260410,2327,國巨*,新加坡商瑞銀,3327,278.69,285.0,2.26%,296.0,261.5,23003201,292.0,32377105,298.96,275.04,358.75,403.6,261.5,23920,59790,2.5,❌,❌,✅,✅,✅,觀察
20260410,2327,國巨*,摩根士丹利 (大摩總部),9798,274.32,285.0,3.89%,296.0,261.5,23003201,292.0,32377105,298.96,275.04,358.75,403.6,261.5,23920,59790,2.5,❌,❌,✅,✅,✅,觀察
20260410,2327,國巨*,美商美林,10758,285.36,285.0,-0.13%,296.0,261.5,23003201,292.0,32377105,298.96,275.04,358.75,403.6,261.5,23920,59790,2.5,❌,❌,✅,✅,✅,觀察
20260410,2327,國巨*,摩根大通 (小摩總部),1637,258.49,285.0,10.26%,296.0,261.5,23003201,292.0,32377105,298.96,275.04,358.75,403.6,261.5,23920,59790,2.5,❌,❌,✅,✅,✅,觀察
20260410,2327,國巨*,香港上海匯豐,164,287.63,285.0,-0.91%,296.0,261.5,23003201,292.0,32377105,298.96,275.04,358.75,403.6,261.5,23920,59790,2.5,❌,❌,✅,✅,✅,觀察
20260410,2327,國巨*,港商麥格理,1451,282.2,285.0,0.99%,296.0,261.5,23003201,292.0,32377105,298.96,275.04,358.75,403.6,261.5,23920,59790,2.5,❌,❌,✅,✅,✅,觀察
20260410,2327,國巨*,美商高盛,1376,293.81,285.0,-3.0%,296.0,261.5,23003201,292.0,32377105,298.96,275.04,358.75,403.6,261.5,23920,59790,2.5,❌,❌,✅,✅,✅,觀察
20260410,2327,國巨*,花旗環球,641,270.43,285.0,5.39%,296.0,261.5,23003201,292.0,32377105,298.96,275.04,358.75,403.6,261.5,23920,59790,2.5,❌,❌,✅,✅,✅,觀察
20260410,2330,台積電,新加坡商瑞銀,6964,1923.24,2000.0,3.99%,2000.0,1863.0,30694245,2000.0,32034253,2020.0,1858.4,2424.0,2727.0,1863.0,161600,404000,2.5,❌,❌,✅,✅,✅,觀察
20260410,2330,台積電,摩根士丹利 (大摩總部),4405,1980.82,2000.0,0.97%,2000.0,1863.0,30694245,2000.0,32034253,2020.0,1858.4,2424.0,2727.0,1863.0,161600,404000,2.5,❌,❌,✅,✅,✅,觀察
20260410,2330,台積電,摩根大通 (小摩總部),2656,1853.25,2000.0,7.92%,2000.0,1863.0,30694245,2000.0,32034253,2020.0,1858.4,2424.0,2727.0,1863.0,161600,404000,2.5,❌,❌,✅,✅,✅,觀察
20260410,2330,台積電,香港上海匯豐,1290,1958.54,2000.0,2.12%,2000.0,1863.0,30694245,2000.0,32034253,2020.0,1858.4,2424.0,2727.0,1863.0,161600,404000,2.5,❌,❌,✅,✅,✅,觀察
20260410,2330,台積電,港商麥格理,-4172,0.0,2000.0,0.0%,2000.0,1863.0,30694245,2000.0,32034253,2020.0,1858.4,2424.0,2727.0,1863.0,161600,404000,2.5,❌,❌,✅,✅,✅,觀察
20260410,2337,旺宏,新加坡商瑞銀,-13061,0.0,146.0,0.0%,170.0,132.7,85950150,156.0,198766900,171.7,157.96,206.04,231.79,132.7,13740,34340,2.5,❌,✅,✅,✅,✅,觀察
20260410,2337,旺宏,摩根士丹利 (大摩總部),-16813,0.0,146.0,0.0%,170.0,132.7,85950150,156.0,198766900,171.7,157.96,206.04,231.79,132.7,13740,34340,2.5,❌,✅,✅,✅,✅,觀察
20260410,2337,旺宏,美商美林,-7975,0.0,146.0,0.0%,170.0,132.7,85950150,156.0,198766900,171.7,157.96,206.04,231.79,132.7,13740,34340,2.5,❌,✅,✅,✅,✅,觀察
20260410,2337,旺宏,摩根大通 (小摩總部),-1100,0.0,146.0,0.0%,170.0,132.7,85950150,156.0,198766900,171.7,157.96,206.04,231.79,132.7,13740,34340,2.5,❌,✅,✅,✅,✅,觀察
20260410,2337,旺宏,港商麥格理,3244,164.14,146.0,-11.05%,170.0,132.7,85950150,156.0,198766900,171.7,157.96,206.04,231.79,132.7,13740,34340,2.5,❌,✅,✅,✅,✅,觀察
20260410,2337,旺宏,美商高盛,6087,141.98,146.0,2.83%,170.0,132.7,85950150,156.0,198766900,171.7,157.96,206.04,231.79,132.7,13740,34340,2.5,❌,✅,✅,✅,✅,觀察
20260410,2344,華邦電,新加坡商瑞銀,1915,111.75,93.5,-16.33%,128.83,92.55,164260401,97.5,166266790,130.11,119.7,156.13,175.65,92.55,10410,26020,2.5,❌,❌,✅,✅,✅,觀察
20260410,2344,華邦電,摩根士丹利 (大摩總部),14080,93.85,93.5,-0.37%,128.83,92.55,164260401,97.5,166266790,130.11,119.7,156.13,175.65,92.55,10410,26020,2.5,❌,❌,✅,✅,✅,觀察
20260410,2344,華邦電,美商美林,2608,96.34,93.5,-2.95%,128.83,92.55,164260401,97.5,166266790,130.11,119.7,156.13,175.65,92.55,10410,26020,2.5,❌,❌,✅,✅,✅,觀察
20260410,2344,華邦電,摩根大通 (小摩總部),1290,89.08,93.5,4.96%,128.83,92.55,164260401,97.5,166266790,130.11,119.7,156.13,175.65,92.55,10410,26020,2.5,❌,❌,✅,✅,✅,觀察
20260410,2344,華邦電,香港上海匯豐,-5927,0.0,93.5,0.0%,128.83,92.55,164260401,97.5,166266790,130.11,119.7,156.13,175.65,92.55,10410,26020,2.5,❌,❌,✅,✅,✅,觀察
20260410,2344,華邦電,港商麥格理,3490,95.46,93.5,-2.05%,128.83,92.55,164260401,97.5,166266790,130.11,119.7,156.13,175.65,92.55,10410,26020,2.5,❌,❌,✅,✅,✅,觀察
20260410,2344,華邦電,美商高盛,-3613,0.0,93.5,0.0%,128.83,92.55,164260401,97.5,166266790,130.11,119.7,156.13,175.65,92.55,10410,26020,2.5,❌,❌,✅,✅,✅,觀察
20260410,2344,華邦電,花旗環球,-32696,0.0,93.5,0.0%,128.83,92.55,164260401,97.5,166266790,130.11,119.7,156.13,175.65,92.55,10410,26020,2.5,❌,❌,✅,✅,✅,觀察
20260410,2345,智邦,摩根大通 (小摩總部),-226,0.0,1835.0,0.0%,1855.0,1657.5,4109270,1855.0,5708012,1873.55,1723.67,2248.26,2529.29,1657.5,149880,374710,2.5,❌,❌,✅,✅,✅,觀察
20260410,2347,聯強,摩根大通 (小摩總部),926,78.08,79.3,1.56%,81.9,78.88,5460018,81.1,4073438,82.72,76.1,99.26,111.67,78.88,6620,16540,2.5,❌,❌,✅,✅,✅,觀察
20260410,2356,英業達,新加坡商瑞銀,3608,42.99,44.3,3.05%,44.95,42.1,16499644,44.75,20271861,45.4,41.77,54.48,61.29,42.1,3630,9080,2.5,❌,❌,✅,✅,✅,觀察
20260410,2356,英業達,花旗環球,2865,41.68,44.3,6.29%,44.95,42.1,16499644,44.75,20271861,45.4,41.77,54.48,61.29,42.1,3630,9080,2.5,❌,❌,✅,✅,✅,觀察
20260410,2357,華碩,摩根士丹利 (大摩總部),-2338,0.0,578.0,0.0%,604.0,564.2,3028477,584.0,3608095,610.04,561.24,732.05,823.55,564.2,48800,122010,2.5,❌,❌,✅,✅,✅,觀察
20260410,2357,華碩,摩根大通 (小摩總部),-121,0.0,578.0,0.0%,604.0,564.2,3028477,584.0,3608095,610.04,561.24,732.05,823.55,564.2,48800,122010,2.5,❌,❌,✅,✅,✅,觀察
20260410,2360,致茂,摩根大通 (小摩總部),1502,1795.88,1785.0,-0.61%,1930.0,1641.0,4350094,1930.0,4047088,1949.3,1793.36,2339.16,2631.56,1641.0,155940,389860,2.5,❌,❌,✅,✅,✅,觀察
20260410,2360,致茂,美商高盛,-1397,0.0,1785.0,0.0%,1930.0,1641.0,4350094,1930.0,4047088,1949.3,1793.36,2339.16,2631.56,1641.0,155940,389860,2.5,❌,❌,✅,✅,✅,觀察
20260410,2360,致茂,花旗環球,-632,0.0,1785.0,0.0%,1930.0,1641.0,4350094,1930.0,4047088,1949.3,1793.36,2339.16,2631.56,1641.0,155940,389860,2.5,❌,❌,✅,✅,✅,觀察
20260410,2367,燿華,摩根士丹利 (大摩總部),-3761,0.0,75.0,0.0%,82.5,74.8,120617756,79.5,111522353,83.33,76.66,100.0,112.5,74.8,6670,16670,2.5,❌,❌,✅,✅,✅,觀察
20260410,2368,金像電,摩根大通 (小摩總部),354,1067.47,1090.0,2.11%,1130.0,956.1,8278534,1130.0,9036164,1141.3,1050.0,1369.56,1540.76,956.1,91300,228260,2.5,❌,❌,✅,✅,✅,觀察
20260410,2371,大同,香港上海匯豐,-3709,0.0,31.9,0.0%,33.55,31.52,18009509,32.75,19023951,33.89,31.18,40.67,45.75,31.52,2710,6780,2.5,❌,❌,✅,✅,✅,觀察
20260410,2376,技嘉,新加坡商瑞銀,1420,250.1,262.5,4.96%,265.5,235.95,9062756,265.5,16436046,268.16,246.71,321.79,362.02,235.95,21450,53630,2.5,❌,✅,✅,✅,✅,觀察
20260410,2376,技嘉,摩根士丹利 (大摩總部),2772,264.79,262.5,-0.86%,265.5,235.95,9062756,265.5,16436046,268.16,246.71,321.79,362.02,235.95,21450,53630,2.5,❌,✅,✅,✅,✅,觀察
20260410,2376,技嘉,摩根大通 (小摩總部),627,228.05,262.5,15.11%,265.5,235.95,9062756,265.5,16436046,268.16,246.71,321.79,362.02,235.95,21450,53630,2.5,❌,✅,✅,✅,✅,觀察
20260410,2376,技嘉,香港上海匯豐,1885,260.55,262.5,0.75%,265.5,235.95,9062756,265.5,16436046,268.16,246.71,321.79,362.02,235.95,21450,53630,2.5,❌,✅,✅,✅,✅,觀察
20260410,2376,技嘉,港商麥格理,732,240.6,262.5,9.1%,265.5,235.95,9062756,265.5,16436046,268.16,246.71,321.79,362.02,235.95,21450,53630,2.5,❌,✅,✅,✅,✅,觀察
20260410,2376,技嘉,美商高盛,2252,242.02,262.5,8.46%,265.5,235.95,9062756,265.5,16436046,268.16,246.71,321.79,362.02,235.95,21450,53630,2.5,❌,✅,✅,✅,✅,觀察
20260410,2376,技嘉,花旗環球,-550,0.0,262.5,0.0%,265.5,235.95,9062756,265.5,16436046,268.16,246.71,321.79,362.02,235.95,21450,53630,2.5,❌,✅,✅,✅,✅,觀察
20260410,2377,微星,美商美林,3004,90.54,90.8,0.29%,98.5,89.35,4663556,92.3,7580899,99.48,91.52,119.38,134.3,89.35,7960,19900,2.5,❌,✅,✅,✅,✅,觀察
20260410,2377,微星,香港上海匯豐,-333,0.0,90.8,0.0%,98.5,89.35,4663556,92.3,7580899,99.48,91.52,119.38,134.3,89.35,7960,19900,2.5,❌,✅,✅,✅,✅,觀察
20260410,2377,微星,港商麥格理,-836,0.0,90.8,0.0%,98.5,89.35,4663556,92.3,7580899,99.48,91.52,119.38,134.3,89.35,7960,19900,2.5,❌,✅,✅,✅,✅,觀察
20260410,2377,微星,花旗環球,-568,0.0,90.8,0.0%,98.5,89.35,4663556,92.3,7580899,99.48,91.52,119.38,134.3,89.35,7960,19900,2.5,❌,✅,✅,✅,✅,觀察
20260410,2379,瑞昱,香港上海匯豐,-479,0.0,508.0,0.0%,516.0,494.6,2564319,516.0,2421278,521.16,479.47,625.39,703.57,494.6,41690,104230,2.5,❌,❌,✅,✅,✅,觀察
20260410,2382,廣達,新加坡商瑞銀,8287,305.58,321.5,5.21%,327.5,294.15,31439734,327.5,38978675,330.77,304.31,396.92,446.54,294.15,26460,66150,2.5,❌,❌,✅,✅,✅,觀察
20260410,2382,廣達,摩根士丹利 (大摩總部),8550,315.79,321.5,1.81%,327.5,294.15,31439734,327.5,38978675,330.77,304.31,396.92,446.54,294.15,26460,66150,2.5,❌,❌,✅,✅,✅,觀察
20260410,2382,廣達,美商美林,11274,308.16,321.5,4.33%,327.5,294.15,31439734,327.5,38978675,330.77,304.31,396.92,446.54,294.15,26460,66150,2.5,❌,❌,✅,✅,✅,觀察
20260410,2382,廣達,摩根大通 (小摩總部),846,296.48,321.5,8.44%,327.5,294.15,31439734,327.5,38978675,330.77,304.31,396.92,446.54,294.15,26460,66150,2.5,❌,❌,✅,✅,✅,觀察
20260410,2382,廣達,香港上海匯豐,-516,0.0,321.5,0.0%,327.5,294.15,31439734,327.5,38978675,330.77,304.31,396.92,446.54,294.15,26460,66150,2.5,❌,❌,✅,✅,✅,觀察
20260410,2382,廣達,美商高盛,1900,330.4,321.5,-2.69%,327.5,294.15,31439734,327.5,38978675,330.77,304.31,396.92,446.54,294.15,26460,66150,2.5,❌,❌,✅,✅,✅,觀察
20260410,2385,群光,香港上海匯豐,-1026,0.0,124.5,0.0%,126.5,122.15,2913889,125.5,2029844,127.77,117.55,153.32,172.49,122.15,10220,25550,2.5,❌,❌,✅,✅,✅,觀察
20260410,2395,研華,摩根大通 (小摩總部),349,333.74,346.0,3.67%,356.0,333.1,2394702,356.0,2571993,359.56,330.8,431.47,485.41,333.1,28760,71910,2.5,❌,❌,✅,✅,✅,觀察
20260410,2395,研華,香港上海匯豐,265,347.41,346.0,-0.41%,356.0,333.1,2394702,356.0,2571993,359.56,330.8,431.47,485.41,333.1,28760,71910,2.5,❌,❌,✅,✅,✅,觀察
20260410,2399,映泰,港商麥格理,-2178,0.0,34.2,0.0%,37.95,32.86,19508381,36.25,14179501,38.33,35.26,46.0,51.75,32.86,3070,7670,2.5,❌,❌,✅,✅,✅,觀察
20260410,2404,漢唐,摩根大通 (小摩總部),-210,0.0,926.0,0.0%,1075.0,869.7,3112016,950.0,3654303,1085.75,998.89,1302.9,1465.76,869.7,86860,217150,2.5,❌,❌,✅,✅,✅,觀察
20260410,2404,漢唐,花旗環球,-419,0.0,926.0,0.0%,1075.0,869.7,3112016,950.0,3654303,1085.75,998.89,1302.9,1465.76,869.7,86860,217150,2.5,❌,❌,✅,✅,✅,觀察
20260410,2408,南亞科,摩根士丹利 (大摩總部),8441,214.44,215.0,0.26%,288.5,212.45,93494180,220.0,93466978,291.38,268.07,349.66,393.36,212.45,23310,58280,2.5,❌,❌,✅,✅,✅,觀察
20260410,2408,南亞科,美商美林,-1944,0.0,215.0,0.0%,288.5,212.45,93494180,220.0,93466978,291.38,268.07,349.66,393.36,212.45,23310,58280,2.5,❌,❌,✅,✅,✅,觀察
20260410,2408,南亞科,摩根大通 (小摩總部),448,167.92,215.0,28.04%,288.5,212.45,93494180,220.0,93466978,291.38,268.07,349.66,393.36,212.45,23310,58280,2.5,❌,❌,✅,✅,✅,觀察
20260410,2408,南亞科,香港上海匯豐,-215,0.0,215.0,0.0%,288.5,212.45,93494180,220.0,93466978,291.38,268.07,349.66,393.36,212.45,23310,58280,2.5,❌,❌,✅,✅,✅,觀察
20260410,2408,南亞科,美商高盛,-6885,0.0,215.0,0.0%,288.5,212.45,93494180,220.0,93466978,291.38,268.07,349.66,393.36,212.45,23310,58280,2.5,❌,❌,✅,✅,✅,觀察
20260410,2408,南亞科,花旗環球,-13874,0.0,215.0,0.0%,288.5,212.45,93494180,220.0,93466978,291.38,268.07,349.66,393.36,212.45,23310,58280,2.5,❌,❌,✅,✅,✅,觀察
20260410,2409,友達,新加坡商瑞銀,78976,17.29,18.15,4.97%,19.5,16.1,578657604,19.5,838524474,19.7,18.12,23.64,26.6,16.1,1580,3940,2.49,❌,❌,✅,✅,✅,觀察
20260410,2409,友達,摩根士丹利 (大摩總部),36244,16.98,18.15,6.89%,19.5,16.1,578657604,19.5,838524474,19.7,18.12,23.64,26.6,16.1,1580,3940,2.49,❌,❌,✅,✅,✅,觀察
20260410,2409,友達,美商美林,77196,17.42,18.15,4.19%,19.5,16.1,578657604,19.5,838524474,19.7,18.12,23.64,26.6,16.1,1580,3940,2.49,❌,❌,✅,✅,✅,觀察
20260410,2409,友達,摩根大通 (小摩總部),-2125,0.0,18.15,0.0%,19.5,16.1,578657604,19.5,838524474,19.7,18.12,23.64,26.6,16.1,1580,3940,2.49,❌,❌,✅,✅,✅,觀察
20260410,2409,友達,美商高盛,9300,16.93,18.15,7.21%,19.5,16.1,578657604,19.5,838524474,19.7,18.12,23.64,26.6,16.1,1580,3940,2.49,❌,❌,✅,✅,✅,觀察
20260410,2412,中華電,新加坡商瑞銀,-1084,0.0,135.5,0.0%,137.5,134.2,7823578,135.5,6887605,138.88,127.77,166.66,187.49,134.2,11110,27780,2.5,❌,❌,✅,✅,✅,觀察
20260410,2412,中華電,摩根士丹利 (大摩總部),-4446,0.0,135.5,0.0%,137.5,134.2,7823578,135.5,6887605,138.88,127.77,166.66,187.49,134.2,11110,27780,2.5,❌,❌,✅,✅,✅,觀察
20260410,2412,中華電,摩根大通 (小摩總部),834,134.39,135.5,0.83%,137.5,134.2,7823578,135.5,6887605,138.88,127.77,166.66,187.49,134.2,11110,27780,2.5,❌,❌,✅,✅,✅,觀察
20260410,2412,中華電,香港上海匯豐,459,134.3,135.5,0.89%,137.5,134.2,7823578,135.5,6887605,138.88,127.77,166.66,187.49,134.2,11110,27780,2.5,❌,❌,✅,✅,✅,觀察
20260410,2412,中華電,港商麥格理,1970,134.61,135.5,0.66%,137.5,134.2,7823578,135.5,6887605,138.88,127.77,166.66,187.49,134.2,11110,27780,2.5,❌,❌,✅,✅,✅,觀察
20260410,2412,中華電,美商高盛,-894,0.0,135.5,0.0%,137.5,134.2,7823578,135.5,6887605,138.88,127.77,166.66,187.49,134.2,11110,27780,2.5,❌,❌,✅,✅,✅,觀察
20260410,2412,中華電,花旗環球,612,134.0,135.5,1.12%,137.5,134.2,7823578,135.5,6887605,138.88,127.77,166.66,187.49,134.2,11110,27780,2.5,❌,❌,✅,✅,✅,觀察
20260410,2421,建準,摩根大通 (小摩總部),-1319,0.0,141.0,0.0%,160.5,130.9,5178438,141.0,4256548,162.1,149.13,194.52,218.84,130.9,12970,32420,2.5,❌,❌,✅,✅,✅,觀察
20260410,2421,建準,香港上海匯豐,-1024,0.0,141.0,0.0%,160.5,130.9,5178438,141.0,4256548,162.1,149.13,194.52,218.84,130.9,12970,32420,2.5,❌,❌,✅,✅,✅,觀察
20260410,2441,超豐,摩根大通 (小摩總部),-906,0.0,92.8,0.0%,100.5,91.0,8696352,96.6,4682233,101.5,93.38,121.8,137.03,91.0,8120,20300,2.5,❌,❌,✅,✅,✅,觀察
20260410,2441,超豐,美商高盛,1525,91.92,92.8,0.96%,100.5,91.0,8696352,96.6,4682233,101.5,93.38,121.8,137.03,91.0,8120,20300,2.5,❌,❌,✅,✅,✅,觀察
20260410,2449,京元電子,新加坡商瑞銀,2529,271.49,277.5,2.21%,328.0,273.95,17106335,282.5,12293044,331.28,304.78,397.54,447.23,273.95,26500,66260,2.5,❌,❌,✅,✅,✅,觀察
20260410,2449,京元電子,摩根大通 (小摩總部),-170,0.0,277.5,0.0%,328.0,273.95,17106335,282.5,12293044,331.28,304.78,397.54,447.23,273.95,26500,66260,2.5,❌,❌,✅,✅,✅,觀察
20260410,2449,京元電子,花旗環球,-1403,0.0,277.5,0.0%,328.0,273.95,17106335,282.5,12293044,331.28,304.78,397.54,447.23,273.95,26500,66260,2.5,❌,❌,✅,✅,✅,觀察
20260410,2451,創見,摩根士丹利 (大摩總部),-3367,0.0,240.5,0.0%,335.0,233.5,7142715,253.0,11001215,338.35,311.28,406.02,456.77,233.5,27070,67670,2.5,❌,✅,✅,✅,✅,觀察
20260410,2451,創見,美商美林,-2465,0.0,240.5,0.0%,335.0,233.5,7142715,253.0,11001215,338.35,311.28,406.02,456.77,233.5,27070,67670,2.5,❌,✅,✅,✅,✅,觀察
20260410,2451,創見,香港上海匯豐,658,239.79,240.5,0.3%,335.0,233.5,7142715,253.0,11001215,338.35,311.28,406.02,456.77,233.5,27070,67670,2.5,❌,✅,✅,✅,✅,觀察
20260410,2454,聯發科,新加坡商瑞銀,-1366,0.0,1575.0,0.0%,1815.0,1530.5,8472015,1605.0,5719845,1833.15,1686.5,2199.78,2474.75,1530.5,146650,366630,2.5,❌,❌,✅,✅,✅,觀察
20260410,2454,聯發科,美商美林,-2748,0.0,1575.0,0.0%,1815.0,1530.5,8472015,1605.0,5719845,1833.15,1686.5,2199.78,2474.75,1530.5,146650,366630,2.5,❌,❌,✅,✅,✅,觀察
20260410,2454,聯發科,摩根大通 (小摩總部),-113,0.0,1575.0,0.0%,1815.0,1530.5,8472015,1605.0,5719845,1833.15,1686.5,2199.78,2474.75,1530.5,146650,366630,2.5,❌,❌,✅,✅,✅,觀察
20260410,2455,全新,摩根大通 (小摩總部),-383,0.0,299.0,0.0%,314.0,274.7,27024434,314.0,28931585,317.14,291.77,380.57,428.14,274.7,25370,63430,2.5,❌,❌,✅,✅,✅,觀察
20260410,2455,全新,港商麥格理,-607,0.0,299.0,0.0%,314.0,274.7,27024434,314.0,28931585,317.14,291.77,380.57,428.14,274.7,25370,63430,2.5,❌,❌,✅,✅,✅,觀察
20260410,2458,義隆,花旗環球,495,131.93,130.5,-1.08%,138.8,127.4,3051737,135.0,2390364,140.18,128.97,168.22,189.24,127.4,11210,28040,2.5,❌,❌,✅,✅,✅,觀察
20260410,2467,志聖,摩根大通 (小摩總部),479,473.85,542.0,14.38%,542.0,432.1,5020739,542.0,5528105,547.42,503.63,656.9,739.02,432.1,43790,109480,2.5,❌,❌,✅,✅,✅,觀察
20260410,2481,強茂,新加坡商瑞銀,7535,99.21,101.0,1.8%,109.5,96.44,39130810,105.0,20097954,110.59,101.74,132.71,149.3,96.44,8850,22120,2.5,❌,❌,✅,✅,✅,觀察
20260410,2481,強茂,摩根士丹利 (大摩總部),7039,99.98,101.0,1.02%,109.5,96.44,39130810,105.0,20097954,110.59,101.74,132.71,149.3,96.44,8850,22120,2.5,❌,❌,✅,✅,✅,觀察
20260410,2481,強茂,摩根大通 (小摩總部),-1487,0.0,101.0,0.0%,109.5,96.44,39130810,105.0,20097954,110.59,101.74,132.71,149.3,96.44,8850,22120,2.5,❌,❌,✅,✅,✅,觀察
20260410,2485,兆赫,摩根士丹利 (大摩總部),-6215,0.0,73.5,0.0%,85.5,76.78,37767534,75.4,40502203,86.36,79.45,103.63,116.59,76.78,6910,17270,2.5,❌,❌,✅,❌,✅,觀察
20260410,2485,兆赫,花旗環球,-778,0.0,73.5,0.0%,85.5,76.78,37767534,75.4,40502203,86.36,79.45,103.63,116.59,76.78,6910,17270,2.5,❌,❌,✅,❌,✅,觀察
20260410,2486,一詮,美商美林,1534,182.68,185.5,1.54%,191.0,153.2,16474916,191.0,32621307,192.91,177.48,231.49,260.43,153.2,15430,38580,2.5,❌,✅,✅,✅,✅,觀察
20260410,2486,一詮,美商高盛,773,189.69,185.5,-2.21%,191.0,153.2,16474916,191.0,32621307,192.91,177.48,231.49,260.43,153.2,15430,38580,2.5,❌,✅,✅,✅,✅,觀察
20260410,2489,瑞軒,香港上海匯豐,-742,0.0,45.3,0.0%,47.15,35.89,86834811,47.0,226685979,47.62,43.81,57.14,64.29,35.89,3810,9520,2.5,❌,✅,✅,✅,✅,觀察
20260410,2492,華新科,摩根士丹利 (大摩總部),2375,121.17,128.5,6.05%,146.5,121.5,6829066,131.5,8680164,147.97,136.13,177.56,199.76,121.5,11840,29590,2.5,❌,❌,✅,✅,✅,觀察
20260410,2492,華新科,美商美林,1883,120.84,128.5,6.34%,146.5,121.5,6829066,131.5,8680164,147.97,136.13,177.56,199.76,121.5,11840,29590,2.5,❌,❌,✅,✅,✅,觀察
20260410,2492,華新科,摩根大通 (小摩總部),-2110,0.0,128.5,0.0%,146.5,121.5,6829066,131.5,8680164,147.97,136.13,177.56,199.76,121.5,11840,29590,2.5,❌,❌,✅,✅,✅,觀察
20260410,2492,華新科,花旗環球,-1219,0.0,128.5,0.0%,146.5,121.5,6829066,131.5,8680164,147.97,136.13,177.56,199.76,121.5,11840,29590,2.5,❌,❌,✅,✅,✅,觀察
20260410,2548,華固,香港上海匯豐,169,120.94,127.5,5.42%,131.5,123.8,2499208,131.0,2458647,132.81,122.19,159.37,179.29,123.8,10620,26560,2.5,❌,❌,✅,✅,✅,觀察
20260410,2603,長榮,摩根士丹利 (大摩總部),-2396,0.0,202.5,0.0%,222.0,202.45,7752730,204.0,8253140,224.22,206.28,269.06,302.7,202.45,17940,44840,2.5,❌,❌,✅,✅,✅,觀察
20260410,2603,長榮,美商美林,-1219,0.0,202.5,0.0%,222.0,202.45,7752730,204.0,8253140,224.22,206.28,269.06,302.7,202.45,17940,44840,2.5,❌,❌,✅,✅,✅,觀察
20260410,2603,長榮,香港上海匯豐,225,203.16,202.5,-0.32%,222.0,202.45,7752730,204.0,8253140,224.22,206.28,269.06,302.7,202.45,17940,44840,2.5,❌,❌,✅,✅,✅,觀察
20260410,2603,長榮,美商高盛,-1482,0.0,202.5,0.0%,222.0,202.45,7752730,204.0,8253140,224.22,206.28,269.06,302.7,202.45,17940,44840,2.5,❌,❌,✅,✅,✅,觀察
20260410,2603,長榮,花旗環球,1158,203.37,202.5,-0.43%,222.0,202.45,7752730,204.0,8253140,224.22,206.28,269.06,302.7,202.45,17940,44840,2.5,❌,❌,✅,✅,✅,觀察
20260410,2609,陽明,摩根大通 (小摩總部),-1727,0.0,51.3,0.0%,62.9,52.08,15673558,51.4,17643936,63.53,58.45,76.24,85.77,52.08,5080,12710,2.5,❌,❌,✅,❌,✅,觀察
20260410,2609,陽明,香港上海匯豐,-2404,0.0,51.3,0.0%,62.9,52.08,15673558,51.4,17643936,63.53,58.45,76.24,85.77,52.08,5080,12710,2.5,❌,❌,✅,❌,✅,觀察
20260410,2609,陽明,美商高盛,-10323,0.0,51.3,0.0%,62.9,52.08,15673558,51.4,17643936,63.53,58.45,76.24,85.77,52.08,5080,12710,2.5,❌,❌,✅,❌,✅,觀察
20260410,2609,陽明,花旗環球,-2598,0.0,51.3,0.0%,62.9,52.08,15673558,51.4,17643936,63.53,58.45,76.24,85.77,52.08,5080,12710,2.5,❌,❌,✅,❌,✅,觀察
20260410,2610,華航,摩根大通 (小摩總部),-6135,0.0,18.1,0.0%,19.25,18.32,25262239,18.35,27227495,19.44,17.88,23.33,26.24,18.32,1560,3890,2.49,❌,❌,✅,❌,✅,觀察
20260410,2610,華航,香港上海匯豐,-5115,0.0,18.1,0.0%,19.25,18.32,25262239,18.35,27227495,19.44,17.88,23.33,26.24,18.32,1560,3890,2.49,❌,❌,✅,❌,✅,觀察
20260410,2610,華航,港商麥格理,-7299,0.0,18.1,0.0%,19.25,18.32,25262239,18.35,27227495,19.44,17.88,23.33,26.24,18.32,1560,3890,2.49,❌,❌,✅,❌,✅,觀察
20260410,2610,華航,美商高盛,-6741,0.0,18.1,0.0%,19.25,18.32,25262239,18.35,27227495,19.44,17.88,23.33,26.24,18.32,1560,3890,2.49,❌,❌,✅,❌,✅,觀察
20260410,2615,萬海,摩根大通 (小摩總部),-1053,0.0,77.1,0.0%,82.5,77.63,8090664,78.6,8360359,83.33,76.66,100.0,112.5,77.63,6670,16670,2.5,❌,❌,✅,❌,✅,觀察
20260410,2615,萬海,香港上海匯豐,2734,78.88,77.1,-2.26%,82.5,77.63,8090664,78.6,8360359,83.33,76.66,100.0,112.5,77.63,6670,16670,2.5,❌,❌,✅,❌,✅,觀察
20260410,2615,萬海,花旗環球,-1206,0.0,77.1,0.0%,82.5,77.63,8090664,78.6,8360359,83.33,76.66,100.0,112.5,77.63,6670,16670,2.5,❌,❌,✅,❌,✅,觀察
20260410,2834,臺企銀,港商麥格理,-5537,0.0,15.35,0.0%,15.55,15.19,19572213,15.55,27097874,15.71,14.45,18.85,21.21,15.19,1260,3140,2.49,❌,❌,✅,✅,✅,觀察
20260410,2880,華南金,港商麥格理,3374,34.43,34.1,-0.96%,34.85,33.76,13120239,34.85,12496812,35.2,32.38,42.24,47.52,33.76,2820,7040,2.5,❌,❌,✅,✅,✅,觀察
20260410,2881,富邦金,美商美林,-2616,0.0,87.6,0.0%,90.9,87.73,16612386,88.2,20639635,91.81,84.47,110.17,123.94,87.73,7340,18360,2.5,❌,❌,✅,❌,✅,觀察
20260410,2881,富邦金,香港上海匯豐,-2259,0.0,87.6,0.0%,90.9,87.73,16612386,88.2,20639635,91.81,84.47,110.17,123.94,87.73,7340,18360,2.5,❌,❌,✅,❌,✅,觀察
20260410,2881,富邦金,港商麥格理,1703,87.67,87.6,-0.08%,90.9,87.73,16612386,88.2,20639635,91.81,84.47,110.17,123.94,87.73,7340,18360,2.5,❌,❌,✅,❌,✅,觀察
20260410,2881,富邦金,美商高盛,-3481,0.0,87.6,0.0%,90.9,87.73,16612386,88.2,20639635,91.81,84.47,110.17,123.94,87.73,7340,18360,2.5,❌,❌,✅,❌,✅,觀察
20260410,2881,富邦金,花旗環球,-2992,0.0,87.6,0.0%,90.9,87.73,16612386,88.2,20639635,91.81,84.47,110.17,123.94,87.73,7340,18360,2.5,❌,❌,✅,❌,✅,觀察
20260410,2882,國泰金,摩根士丹利 (大摩總部),4077,72.63,72.9,0.37%,74.5,71.8,19931546,73.9,18038183,75.25,69.23,90.3,101.59,71.8,6020,15050,2.5,❌,❌,✅,✅,✅,觀察
20260410,2882,國泰金,美商美林,-4324,0.0,72.9,0.0%,74.5,71.8,19931546,73.9,18038183,75.25,69.23,90.3,101.59,71.8,6020,15050,2.5,❌,❌,✅,✅,✅,觀察
20260410,2882,國泰金,摩根大通 (小摩總部),1755,71.99,72.9,1.26%,74.5,71.8,19931546,73.9,18038183,75.25,69.23,90.3,101.59,71.8,6020,15050,2.5,❌,❌,✅,✅,✅,觀察
20260410,2882,國泰金,香港上海匯豐,3089,73.35,72.9,-0.61%,74.5,71.8,19931546,73.9,18038183,75.25,69.23,90.3,101.59,71.8,6020,15050,2.5,❌,❌,✅,✅,✅,觀察
20260410,2882,國泰金,美商高盛,-8379,0.0,72.9,0.0%,74.5,71.8,19931546,73.9,18038183,75.25,69.23,90.3,101.59,71.8,6020,15050,2.5,❌,❌,✅,✅,✅,觀察
20260410,2882,國泰金,花旗環球,-1584,0.0,72.9,0.0%,74.5,71.8,19931546,73.9,18038183,75.25,69.23,90.3,101.59,71.8,6020,15050,2.5,❌,❌,✅,✅,✅,觀察
20260410,2883,凱基金,新加坡商瑞銀,-6007,0.0,21.15,0.0%,21.5,20.23,45415280,21.45,29775778,21.71,19.97,26.05,29.31,20.23,1740,4340,2.49,❌,❌,✅,✅,✅,觀察
20260410,2883,凱基金,摩根士丹利 (大摩總部),27619,21.06,21.15,0.43%,21.5,20.23,45415280,21.45,29775778,21.71,19.97,26.05,29.31,20.23,1740,4340,2.49,❌,❌,✅,✅,✅,觀察
20260410,2883,凱基金,美商美林,26444,20.83,21.15,1.54%,21.5,20.23,45415280,21.45,29775778,21.71,19.97,26.05,29.31,20.23,1740,4340,2.49,❌,❌,✅,✅,✅,觀察
20260410,2883,凱基金,摩根大通 (小摩總部),10498,20.47,21.15,3.32%,21.5,20.23,45415280,21.45,29775778,21.71,19.97,26.05,29.31,20.23,1740,4340,2.49,❌,❌,✅,✅,✅,觀察
20260410,2883,凱基金,花旗環球,7239,20.99,21.15,0.76%,21.5,20.23,45415280,21.45,29775778,21.71,19.97,26.05,29.31,20.23,1740,4340,2.49,❌,❌,✅,✅,✅,觀察
20260410,2884,玉山金,美商美林,-7717,0.0,32.25,0.0%,33.25,32.25,22245370,32.6,25744867,33.58,30.89,40.3,45.33,32.25,2690,6720,2.5,❌,❌,✅,✅,✅,觀察
20260410,2884,玉山金,香港上海匯豐,-5498,0.0,32.25,0.0%,33.25,32.25,22245370,32.6,25744867,33.58,30.89,40.3,45.33,32.25,2690,6720,2.5,❌,❌,✅,✅,✅,觀察
20260410,2885,元大金,新加坡商瑞銀,4309,47.02,47.7,1.45%,48.35,46.27,23612746,48.35,19585816,48.83,44.92,58.6,65.92,46.27,3910,9770,2.5,❌,❌,✅,✅,✅,觀察
20260410,2885,元大金,美商美林,3996,46.78,47.7,1.97%,48.35,46.27,23612746,48.35,19585816,48.83,44.92,58.6,65.92,46.27,3910,9770,2.5,❌,❌,✅,✅,✅,觀察
20260410,2885,元大金,香港上海匯豐,-2573,0.0,47.7,0.0%,48.35,46.27,23612746,48.35,19585816,48.83,44.92,58.6,65.92,46.27,3910,9770,2.5,❌,❌,✅,✅,✅,觀察
20260410,2885,元大金,港商麥格理,5993,47.52,47.7,0.38%,48.35,46.27,23612746,48.35,19585816,48.83,44.92,58.6,65.92,46.27,3910,9770,2.5,❌,❌,✅,✅,✅,觀察
20260410,2885,元大金,花旗環球,-14034,0.0,47.7,0.0%,48.35,46.27,23612746,48.35,19585816,48.83,44.92,58.6,65.92,46.27,3910,9770,2.5,❌,❌,✅,✅,✅,觀察
20260410,2886,兆豐金,摩根士丹利 (大摩總部),11981,39.47,39.85,0.96%,39.9,39.18,24247724,39.9,24718491,40.3,37.08,48.36,54.41,39.18,3220,8060,2.5,❌,❌,✅,✅,✅,觀察
20260410,2886,兆豐金,美商美林,5874,39.02,39.85,2.13%,39.9,39.18,24247724,39.9,24718491,40.3,37.08,48.36,54.41,39.18,3220,8060,2.5,❌,❌,✅,✅,✅,觀察
20260410,2886,兆豐金,摩根大通 (小摩總部),5660,39.42,39.85,1.09%,39.9,39.18,24247724,39.9,24718491,40.3,37.08,48.36,54.41,39.18,3220,8060,2.5,❌,❌,✅,✅,✅,觀察
20260410,2886,兆豐金,港商麥格理,3164,39.46,39.85,0.99%,39.9,39.18,24247724,39.9,24718491,40.3,37.08,48.36,54.41,39.18,3220,8060,2.5,❌,❌,✅,✅,✅,觀察
20260410,2886,兆豐金,美商高盛,2503,39.31,39.85,1.37%,39.9,39.18,24247724,39.9,24718491,40.3,37.08,48.36,54.41,39.18,3220,8060,2.5,❌,❌,✅,✅,✅,觀察
20260410,2886,兆豐金,花旗環球,1478,39.45,39.85,1.01%,39.9,39.18,24247724,39.9,24718491,40.3,37.08,48.36,54.41,39.18,3220,8060,2.5,❌,❌,✅,✅,✅,觀察
20260410,2887,台新新光金,新加坡商瑞銀,15831,24.56,24.55,-0.04%,25.2,24.17,44449801,24.65,30456446,25.45,23.41,30.54,34.36,24.17,2040,5090,2.5,❌,❌,✅,✅,✅,觀察
20260410,2887,台新新光金,香港上海匯豐,2063,24.46,24.55,0.37%,25.2,24.17,44449801,24.65,30456446,25.45,23.41,30.54,34.36,24.17,2040,5090,2.5,❌,❌,✅,✅,✅,觀察
20260410,2887,台新新光金,港商麥格理,3311,24.49,24.55,0.24%,25.2,24.17,44449801,24.65,30456446,25.45,23.41,30.54,34.36,24.17,2040,5090,2.5,❌,❌,✅,✅,✅,觀察
20260410,2887,台新新光金,美商高盛,-5402,0.0,24.55,0.0%,25.2,24.17,44449801,24.65,30456446,25.45,23.41,30.54,34.36,24.17,2040,5090,2.5,❌,❌,✅,✅,✅,觀察
20260410,2887,台新新光金,花旗環球,8481,24.64,24.55,-0.37%,25.2,24.17,44449801,24.65,30456446,25.45,23.41,30.54,34.36,24.17,2040,5090,2.5,❌,❌,✅,✅,✅,觀察
20260410,2890,永豐金,美商美林,6120,32.54,32.7,0.49%,33.2,31.9,20125420,33.2,19188365,33.53,30.85,40.24,45.27,31.9,2680,6710,2.5,❌,❌,✅,✅,✅,觀察
20260410,2890,永豐金,摩根大通 (小摩總部),4920,32.06,32.7,2.0%,33.2,31.9,20125420,33.2,19188365,33.53,30.85,40.24,45.27,31.9,2680,6710,2.5,❌,❌,✅,✅,✅,觀察
20260410,2890,永豐金,港商麥格理,4261,32.92,32.7,-0.67%,33.2,31.9,20125420,33.2,19188365,33.53,30.85,40.24,45.27,31.9,2680,6710,2.5,❌,❌,✅,✅,✅,觀察
20260410,2891,中信金,摩根士丹利 (大摩總部),-15452,0.0,54.0,0.0%,56.9,53.85,56749917,54.4,43398720,57.47,52.87,68.96,77.58,53.85,4600,11490,2.5,❌,❌,✅,✅,✅,觀察
20260410,2891,中信金,美商美林,-17564,0.0,54.0,0.0%,56.9,53.85,56749917,54.4,43398720,57.47,52.87,68.96,77.58,53.85,4600,11490,2.5,❌,❌,✅,✅,✅,觀察
20260410,2891,中信金,摩根大通 (小摩總部),1096,55.03,54.0,-1.87%,56.9,53.85,56749917,54.4,43398720,57.47,52.87,68.96,77.58,53.85,4600,11490,2.5,❌,❌,✅,✅,✅,觀察
20260410,2891,中信金,香港上海匯豐,63985,54.87,54.0,-1.59%,56.9,53.85,56749917,54.4,43398720,57.47,52.87,68.96,77.58,53.85,4600,11490,2.5,❌,❌,✅,✅,✅,觀察
20260410,2891,中信金,港商麥格理,-11590,0.0,54.0,0.0%,56.9,53.85,56749917,54.4,43398720,57.47,52.87,68.96,77.58,53.85,4600,11490,2.5,❌,❌,✅,✅,✅,觀察
20260410,2891,中信金,美商高盛,-8616,0.0,54.0,0.0%,56.9,53.85,56749917,54.4,43398720,57.47,52.87,68.96,77.58,53.85,4600,11490,2.5,❌,❌,✅,✅,✅,觀察
20260410,2891,中信金,花旗環球,1472,55.94,54.0,-3.47%,56.9,53.85,56749917,54.4,43398720,57.47,52.87,68.96,77.58,53.85,4600,11490,2.5,❌,❌,✅,✅,✅,觀察
20260410,2892,第一金,美商美林,6755,28.78,28.6,-0.63%,29.35,28.54,15917317,29.1,17457494,29.64,27.27,35.57,40.01,28.54,2370,5930,2.5,❌,❌,✅,✅,✅,觀察
20260410,2892,第一金,花旗環球,-2359,0.0,28.6,0.0%,29.35,28.54,15917317,29.1,17457494,29.64,27.27,35.57,40.01,28.54,2370,5930,2.5,❌,❌,✅,✅,✅,觀察
20260410,3005,神基,香港上海匯豐,-369,0.0,100.0,0.0%,132.04,101.08,3745277,101.5,3470819,133.36,122.69,160.03,180.04,101.08,10670,26670,2.5,❌,❌,✅,❌,✅,觀察
20260410,3006,晶豪科,新加坡商瑞銀,-1487,0.0,156.0,0.0%,223.5,159.25,15410630,164.5,16276703,225.74,207.68,270.89,304.75,159.25,18060,45150,2.5,❌,❌,✅,❌,✅,觀察
20260410,3006,晶豪科,摩根士丹利 (大摩總部),-2567,0.0,156.0,0.0%,223.5,159.25,15410630,164.5,16276703,225.74,207.68,270.89,304.75,159.25,18060,45150,2.5,❌,❌,✅,❌,✅,觀察
20260410,3006,晶豪科,美商美林,-5948,0.0,156.0,0.0%,223.5,159.25,15410630,164.5,16276703,225.74,207.68,270.89,304.75,159.25,18060,45150,2.5,❌,❌,✅,❌,✅,觀察
20260410,3006,晶豪科,香港上海匯豐,587,159.82,156.0,-2.39%,223.5,159.25,15410630,164.5,16276703,225.74,207.68,270.89,304.75,159.25,18060,45150,2.5,❌,❌,✅,❌,✅,觀察
20260410,3006,晶豪科,港商麥格理,-999,0.0,156.0,0.0%,223.5,159.25,15410630,164.5,16276703,225.74,207.68,270.89,304.75,159.25,18060,45150,2.5,❌,❌,✅,❌,✅,觀察
20260410,3006,晶豪科,美商高盛,-1727,0.0,156.0,0.0%,223.5,159.25,15410630,164.5,16276703,225.74,207.68,270.89,304.75,159.25,18060,45150,2.5,❌,❌,✅,❌,✅,觀察
20260410,3023,信邦,新加坡商瑞銀,-850,0.0,274.0,0.0%,282.0,262.25,1751506,280.0,1595524,284.82,262.03,341.78,384.51,262.25,22790,56960,2.5,❌,❌,✅,✅,✅,觀察
20260410,3034,聯詠,摩根大通 (小摩總部),-131,0.0,394.0,0.0%,406.5,390.45,2545228,401.5,2766285,410.56,377.72,492.67,554.26,390.45,32840,82110,2.5,❌,❌,✅,✅,✅,觀察
20260410,3034,聯詠,港商麥格理,834,396.21,394.0,-0.56%,406.5,390.45,2545228,401.5,2766285,410.56,377.72,492.67,554.26,390.45,32840,82110,2.5,❌,❌,✅,✅,✅,觀察
20260410,3036,文曄,花旗環球,-923,0.0,225.5,0.0%,257.0,225.75,5712767,234.0,6558912,259.57,238.8,311.48,350.42,225.75,20770,51910,2.5,❌,❌,✅,❌,✅,觀察
20260410,3037,欣興,美商美林,3819,621.32,638.0,2.68%,660.0,539.95,38999683,660.0,30951698,666.6,613.27,799.92,899.91,539.95,53330,133320,2.5,❌,❌,✅,✅,✅,觀察
20260410,3037,欣興,摩根大通 (小摩總部),-262,0.0,638.0,0.0%,660.0,539.95,38999683,660.0,30951698,666.6,613.27,799.92,899.91,539.95,53330,133320,2.5,❌,❌,✅,✅,✅,觀察
20260410,3037,欣興,香港上海匯豐,344,510.69,638.0,24.93%,660.0,539.95,38999683,660.0,30951698,666.6,613.27,799.92,899.91,539.95,53330,133320,2.5,❌,❌,✅,✅,✅,觀察
20260410,3037,欣興,美商高盛,-3127,0.0,638.0,0.0%,660.0,539.95,38999683,660.0,30951698,666.6,613.27,799.92,899.91,539.95,53330,133320,2.5,❌,❌,✅,✅,✅,觀察
20260410,3037,欣興,花旗環球,-650,0.0,638.0,0.0%,660.0,539.95,38999683,660.0,30951698,666.6,613.27,799.92,899.91,539.95,53330,133320,2.5,❌,❌,✅,✅,✅,觀察
20260410,3044,健鼎,摩根大通 (小摩總部),-189,0.0,375.0,0.0%,392.0,358.3,3663150,388.0,4214270,395.92,364.25,475.1,534.49,358.3,31670,79180,2.5,❌,❌,✅,✅,✅,觀察
20260410,3044,健鼎,香港上海匯豐,456,358.55,375.0,4.59%,392.0,358.3,3663150,388.0,4214270,395.92,364.25,475.1,534.49,358.3,31670,79180,2.5,❌,❌,✅,✅,✅,觀察
20260410,3044,健鼎,花旗環球,-614,0.0,375.0,0.0%,392.0,358.3,3663150,388.0,4214270,395.92,364.25,475.1,534.49,358.3,31670,79180,2.5,❌,❌,✅,✅,✅,觀察
20260410,3045,台灣大,香港上海匯豐,-876,0.0,110.0,0.0%,110.0,109.45,6208124,110.0,5161401,111.1,102.21,133.32,149.99,109.45,8890,22220,2.5,❌,❌,✅,✅,✅,觀察
20260410,3045,台灣大,港商麥格理,1232,109.62,110.0,0.35%,110.0,109.45,6208124,110.0,5161401,111.1,102.21,133.32,149.99,109.45,8890,22220,2.5,❌,❌,✅,✅,✅,觀察
20260410,3045,台灣大,花旗環球,687,109.47,110.0,0.48%,110.0,109.45,6208124,110.0,5161401,111.1,102.21,133.32,149.99,109.45,8890,22220,2.5,❌,❌,✅,✅,✅,觀察
20260410,3105,穩懋,新加坡商瑞銀,2070,434.57,464.0,6.77%,474.0,398.25,43052295,474.0,47973475,478.74,440.44,574.49,646.3,398.25,38300,95750,2.5,❌,❌,✅,✅,✅,觀察
20260410,3105,穩懋,摩根大通 (小摩總部),562,456.11,464.0,1.73%,474.0,398.25,43052295,474.0,47973475,478.74,440.44,574.49,646.3,398.25,38300,95750,2.5,❌,❌,✅,✅,✅,觀察
20260410,3105,穩懋,香港上海匯豐,673,401.44,464.0,15.58%,474.0,398.25,43052295,474.0,47973475,478.74,440.44,574.49,646.3,398.25,38300,95750,2.5,❌,❌,✅,✅,✅,觀察
20260410,3105,穩懋,港商麥格理,1617,423.3,464.0,9.61%,474.0,398.25,43052295,474.0,47973475,478.74,440.44,574.49,646.3,398.25,38300,95750,2.5,❌,❌,✅,✅,✅,觀察
20260410,3167,大量,花旗環球,534,445.9,633.0,41.96%,633.0,458.75,4760569,633.0,1080360,639.33,588.18,767.2,863.1,458.75,51150,127870,2.5,❌,❌,✅,✅,✅,觀察
20260410,3189,景碩,美商美林,2613,363.3,381.0,4.87%,408.0,355.15,21697967,400.0,25639148,412.08,379.11,494.5,556.31,355.15,32970,82420,2.5,❌,❌,✅,✅,✅,觀察
20260410,3189,景碩,美商高盛,1552,381.64,381.0,-0.17%,408.0,355.15,21697967,400.0,25639148,412.08,379.11,494.5,556.31,355.15,32970,82420,2.5,❌,❌,✅,✅,✅,觀察
20260410,3231,緯創,新加坡商瑞銀,11645,130.95,135.0,3.09%,137.5,127.6,30736356,136.5,41839401,138.88,127.77,166.66,187.49,127.6,11110,27780,2.5,❌,❌,✅,✅,✅,觀察
20260410,3231,緯創,摩根士丹利 (大摩總部),8690,134.45,135.0,0.41%,137.5,127.6,30736356,136.5,41839401,138.88,127.77,166.66,187.49,127.6,11110,27780,2.5,❌,❌,✅,✅,✅,觀察
20260410,3231,緯創,美商美林,5244,133.6,135.0,1.05%,137.5,127.6,30736356,136.5,41839401,138.88,127.77,166.66,187.49,127.6,11110,27780,2.5,❌,❌,✅,✅,✅,觀察
20260410,3231,緯創,香港上海匯豐,-243,0.0,135.0,0.0%,137.5,127.6,30736356,136.5,41839401,138.88,127.77,166.66,187.49,127.6,11110,27780,2.5,❌,❌,✅,✅,✅,觀察
20260410,3231,緯創,港商麥格理,2432,131.71,135.0,2.5%,137.5,127.6,30736356,136.5,41839401,138.88,127.77,166.66,187.49,127.6,11110,27780,2.5,❌,❌,✅,✅,✅,觀察
20260410,3231,緯創,美商高盛,3890,130.37,135.0,3.55%,137.5,127.6,30736356,136.5,41839401,138.88,127.77,166.66,187.49,127.6,11110,27780,2.5,❌,❌,✅,✅,✅,觀察
20260410,3234,光環,美商高盛,1160,101.59,114.0,12.22%,115.5,93.27,6054595,115.5,10734515,116.66,107.33,139.99,157.49,93.27,9330,23330,2.5,❌,✅,✅,✅,✅,觀察
20260410,3260,威剛,新加坡商瑞銀,-1261,0.0,372.0,0.0%,516.0,368.65,24111318,387.5,21531263,521.16,479.47,625.39,703.57,368.65,41690,104230,2.5,❌,❌,✅,✅,✅,觀察
20260410,3260,威剛,摩根士丹利 (大摩總部),-6482,0.0,372.0,0.0%,516.0,368.65,24111318,387.5,21531263,521.16,479.47,625.39,703.57,368.65,41690,104230,2.5,❌,❌,✅,✅,✅,觀察
20260410,3260,威剛,美商美林,-4781,0.0,372.0,0.0%,516.0,368.65,24111318,387.5,21531263,521.16,479.47,625.39,703.57,368.65,41690,104230,2.5,❌,❌,✅,✅,✅,觀察
20260410,3260,威剛,摩根大通 (小摩總部),-266,0.0,372.0,0.0%,516.0,368.65,24111318,387.5,21531263,521.16,479.47,625.39,703.57,368.65,41690,104230,2.5,❌,❌,✅,✅,✅,觀察
20260410,3260,威剛,港商麥格理,-1574,0.0,372.0,0.0%,516.0,368.65,24111318,387.5,21531263,521.16,479.47,625.39,703.57,368.65,41690,104230,2.5,❌,❌,✅,✅,✅,觀察
20260410,3260,威剛,花旗環球,779,373.74,372.0,-0.47%,516.0,368.65,24111318,387.5,21531263,521.16,479.47,625.39,703.57,368.65,41690,104230,2.5,❌,❌,✅,✅,✅,觀察
20260410,3264,欣銓,新加坡商瑞銀,-2663,0.0,189.0,0.0%,196.5,164.25,22078775,196.5,40908267,198.47,182.59,238.16,267.93,164.25,15880,39690,2.5,❌,✅,✅,✅,✅,觀察
20260410,3264,欣銓,摩根大通 (小摩總部),400,184.23,189.0,2.59%,196.5,164.25,22078775,196.5,40908267,198.47,182.59,238.16,267.93,164.25,15880,39690,2.5,❌,✅,✅,✅,✅,觀察
20260410,3264,欣銓,港商麥格理,-1085,0.0,189.0,0.0%,196.5,164.25,22078775,196.5,40908267,198.47,182.59,238.16,267.93,164.25,15880,39690,2.5,❌,✅,✅,✅,✅,觀察
20260410,3265,台星科,花旗環球,509,161.96,163.0,0.64%,169.0,148.55,4853623,169.0,4648383,170.69,157.03,204.83,230.43,148.55,13660,34140,2.5,❌,❌,✅,✅,✅,觀察
20260410,3376,新日興,香港上海匯豐,-135,0.0,206.5,0.0%,234.0,202.9,5670681,213.5,3019430,236.34,217.43,283.61,319.06,202.9,18910,47270,2.5,❌,❌,✅,✅,✅,觀察
20260410,3443,創意,摩根大通 (小摩總部),-330,0.0,2665.0,0.0%,2735.0,2434.5,2289241,2720.0,2501594,2762.35,2541.36,3314.82,3729.17,2434.5,220990,552470,2.5,❌,❌,✅,✅,✅,觀察
20260410,3450,聯鈞,新加坡商瑞銀,2782,300.81,306.5,1.89%,311.5,266.4,18680835,311.5,31912029,314.62,289.45,377.54,424.74,266.4,25170,62920,2.5,❌,✅,✅,✅,✅,觀察
20260410,3450,聯鈞,摩根士丹利 (大摩總部),2097,290.27,306.5,5.59%,311.5,266.4,18680835,311.5,31912029,314.62,289.45,377.54,424.74,266.4,25170,62920,2.5,❌,✅,✅,✅,✅,觀察
20260410,3450,聯鈞,美商美林,1803,300.52,306.5,1.99%,311.5,266.4,18680835,311.5,31912029,314.62,289.45,377.54,424.74,266.4,25170,62920,2.5,❌,✅,✅,✅,✅,觀察
20260410,3450,聯鈞,港商麥格理,761,289.4,306.5,5.91%,311.5,266.4,18680835,311.5,31912029,314.62,289.45,377.54,424.74,266.4,25170,62920,2.5,❌,✅,✅,✅,✅,觀察
20260410,3481,群創,美商美林,-8058,0.0,26.0,0.0%,33.3,25.11,360305353,27.55,391004025,33.63,30.94,40.36,45.4,25.11,2690,6730,2.5,❌,❌,✅,✅,✅,觀察
20260410,3481,群創,香港上海匯豐,-4382,0.0,26.0,0.0%,33.3,25.11,360305353,27.55,391004025,33.63,30.94,40.36,45.4,25.11,2690,6730,2.5,❌,❌,✅,✅,✅,觀察
20260410,3481,群創,港商麥格理,-8035,0.0,26.0,0.0%,33.3,25.11,360305353,27.55,391004025,33.63,30.94,40.36,45.4,25.11,2690,6730,2.5,❌,❌,✅,✅,✅,觀察
20260410,3481,群創,美商高盛,-5628,0.0,26.0,0.0%,33.3,25.11,360305353,27.55,391004025,33.63,30.94,40.36,45.4,25.11,2690,6730,2.5,❌,❌,✅,✅,✅,觀察
20260410,3481,群創,花旗環球,-7466,0.0,26.0,0.0%,33.3,25.11,360305353,27.55,391004025,33.63,30.94,40.36,45.4,25.11,2690,6730,2.5,❌,❌,✅,✅,✅,觀察
20260410,3526,凡甲,香港上海匯豐,-169,0.0,290.5,0.0%,305.5,284.65,598098,296.0,387844,308.56,283.88,370.27,416.56,284.65,24680,61710,2.5,❌,❌,✅,✅,✅,觀察
20260410,3535,晶彩科,美商美林,-1541,0.0,134.0,0.0%,134.0,114.95,8863707,134.0,26987438,135.34,124.51,162.41,182.71,114.95,10830,27070,2.5,❌,✅,✅,✅,✅,觀察
20260410,3596,智易,香港上海匯豐,131,167.58,173.0,3.23%,203.15,166.0,2089550,176.5,1509551,205.18,188.77,246.22,276.99,166.0,16410,41040,2.5,❌,❌,✅,✅,✅,觀察
20260410,3689,湧德,新加坡商瑞銀,1267,128.97,135.0,4.68%,142.5,118.75,9361050,142.5,12672063,143.93,132.42,172.72,194.31,118.75,11510,28790,2.5,❌,❌,✅,✅,✅,觀察
20260410,3702,大聯大,新加坡商瑞銀,1910,92.55,91.5,-1.13%,98.4,90.73,12014799,95.0,12874267,99.38,91.43,119.26,134.16,90.73,7950,19880,2.5,❌,❌,✅,✅,✅,觀察
20260410,3702,大聯大,摩根士丹利 (大摩總部),3661,89.83,91.5,1.86%,98.4,90.73,12014799,95.0,12874267,99.38,91.43,119.26,134.16,90.73,7950,19880,2.5,❌,❌,✅,✅,✅,觀察
20260410,3702,大聯大,摩根大通 (小摩總部),-823,0.0,91.5,0.0%,98.4,90.73,12014799,95.0,12874267,99.38,91.43,119.26,134.16,90.73,7950,19880,2.5,❌,❌,✅,✅,✅,觀察
20260410,3702,大聯大,香港上海匯豐,786,89.04,91.5,2.76%,98.4,90.73,12014799,95.0,12874267,99.38,91.43,119.26,134.16,90.73,7950,19880,2.5,❌,❌,✅,✅,✅,觀察
20260410,3702,大聯大,美商高盛,3308,91.7,91.5,-0.22%,98.4,90.73,12014799,95.0,12874267,99.38,91.43,119.26,134.16,90.73,7950,19880,2.5,❌,❌,✅,✅,✅,觀察
20260410,3706,神達,新加坡商瑞銀,3402,81.23,83.0,2.18%,86.0,77.52,11568008,83.9,26026971,86.86,79.91,104.23,117.26,77.52,6950,17370,2.5,❌,✅,✅,✅,✅,觀察
20260410,3706,神達,美商美林,3875,79.54,83.0,4.35%,86.0,77.52,11568008,83.9,26026971,86.86,79.91,104.23,117.26,77.52,6950,17370,2.5,❌,✅,✅,✅,✅,觀察
20260410,3706,神達,美商高盛,2067,81.01,83.0,2.46%,86.0,77.52,11568008,83.9,26026971,86.86,79.91,104.23,117.26,77.52,6950,17370,2.5,❌,✅,✅,✅,✅,觀察
20260410,3706,神達,花旗環球,750,82.84,83.0,0.19%,86.0,77.52,11568008,83.9,26026971,86.86,79.91,104.23,117.26,77.52,6950,17370,2.5,❌,✅,✅,✅,✅,觀察
20260410,3711,日月光投控,新加坡商瑞銀,-3659,0.0,393.0,0.0%,397.5,363.65,19662689,397.5,15350179,401.48,369.36,481.78,542.0,363.65,32120,80300,2.5,❌,❌,✅,✅,✅,觀察
20260410,3711,日月光投控,美商美林,2530,394.53,393.0,-0.39%,397.5,363.65,19662689,397.5,15350179,401.48,369.36,481.78,542.0,363.65,32120,80300,2.5,❌,❌,✅,✅,✅,觀察
20260410,3711,日月光投控,摩根大通 (小摩總部),1151,372.99,393.0,5.36%,397.5,363.65,19662689,397.5,15350179,401.48,369.36,481.78,542.0,363.65,32120,80300,2.5,❌,❌,✅,✅,✅,觀察
20260410,3711,日月光投控,香港上海匯豐,170,393.04,393.0,-0.01%,397.5,363.65,19662689,397.5,15350179,401.48,369.36,481.78,542.0,363.65,32120,80300,2.5,❌,❌,✅,✅,✅,觀察
20260410,3711,日月光投控,港商麥格理,-1638,0.0,393.0,0.0%,397.5,363.65,19662689,397.5,15350179,401.48,369.36,481.78,542.0,363.65,32120,80300,2.5,❌,❌,✅,✅,✅,觀察
20260410,3711,日月光投控,美商高盛,10337,381.73,393.0,2.95%,397.5,363.65,19662689,397.5,15350179,401.48,369.36,481.78,542.0,363.65,32120,80300,2.5,❌,❌,✅,✅,✅,觀察
20260410,3711,日月光投控,花旗環球,-708,0.0,393.0,0.0%,397.5,363.65,19662689,397.5,15350179,401.48,369.36,481.78,542.0,363.65,32120,80300,2.5,❌,❌,✅,✅,✅,觀察
20260410,3714,富采,新加坡商瑞銀,-1632,0.0,52.0,0.0%,59.4,50.66,54708650,59.4,77449896,59.99,55.19,71.99,80.99,50.66,4800,12000,2.5,❌,❌,✅,✅,✅,觀察
20260410,3715,定穎投控,新加坡商瑞銀,-1113,0.0,186.5,0.0%,203.5,185.0,31178438,191.5,23756987,205.53,189.09,246.64,277.47,185.0,16440,41110,2.5,❌,❌,✅,✅,✅,觀察
20260410,3715,定穎投控,摩根士丹利 (大摩總部),-3663,0.0,186.5,0.0%,203.5,185.0,31178438,191.5,23756987,205.53,189.09,246.64,277.47,185.0,16440,41110,2.5,❌,❌,✅,✅,✅,觀察
20260410,3715,定穎投控,美商美林,-1532,0.0,186.5,0.0%,203.5,185.0,31178438,191.5,23756987,205.53,189.09,246.64,277.47,185.0,16440,41110,2.5,❌,❌,✅,✅,✅,觀察
20260410,3715,定穎投控,美商高盛,1052,193.21,186.5,-3.47%,203.5,185.0,31178438,191.5,23756987,205.53,189.09,246.64,277.47,185.0,16440,41110,2.5,❌,❌,✅,✅,✅,觀察
20260410,4904,遠傳,摩根士丹利 (大摩總部),-3333,0.0,94.6,0.0%,95.3,93.03,5027865,95.3,4032727,96.25,88.55,115.5,129.94,93.03,7700,19250,2.5,❌,❌,✅,✅,✅,觀察
20260410,4904,遠傳,摩根大通 (小摩總部),705,93.91,94.6,0.73%,95.3,93.03,5027865,95.3,4032727,96.25,88.55,115.5,129.94,93.03,7700,19250,2.5,❌,❌,✅,✅,✅,觀察
20260410,4904,遠傳,港商麥格理,1286,94.57,94.6,0.03%,95.3,93.03,5027865,95.3,4032727,96.25,88.55,115.5,129.94,93.03,7700,19250,2.5,❌,❌,✅,✅,✅,觀察
20260410,4906,正文,新加坡商瑞銀,-2052,0.0,40.2,0.0%,42.7,37.98,90807170,42.7,75800166,43.13,39.68,51.76,58.23,37.98,3450,8630,2.5,❌,❌,✅,✅,✅,觀察
20260410,4906,正文,香港上海匯豐,-1668,0.0,40.2,0.0%,42.7,37.98,90807170,42.7,75800166,43.13,39.68,51.76,58.23,37.98,3450,8630,2.5,❌,❌,✅,✅,✅,觀察
20260410,4908,前鼎,港商麥格理,946,123.66,129.0,4.32%,129.0,108.5,6642200,129.0,12462671,130.29,119.87,156.35,175.89,108.5,10420,26060,2.5,❌,✅,✅,✅,✅,觀察
20260410,4919,新唐,港商麥格理,-764,0.0,91.6,0.0%,112.0,92.73,9662535,94.0,10153165,113.12,104.07,135.74,152.71,92.73,9050,22620,2.5,❌,❌,✅,❌,✅,觀察
20260410,4919,新唐,花旗環球,-599,0.0,91.6,0.0%,112.0,92.73,9662535,94.0,10153165,113.12,104.07,135.74,152.71,92.73,9050,22620,2.5,❌,❌,✅,❌,✅,觀察
20260410,4938,和碩,摩根大通 (小摩總部),1367,79.56,80.7,1.43%,83.5,79.08,7707182,81.0,10072889,84.33,77.58,101.2,113.85,79.08,6750,16870,2.5,❌,❌,✅,✅,✅,觀察
20260410,4938,和碩,香港上海匯豐,-270,0.0,80.7,0.0%,83.5,79.08,7707182,81.0,10072889,84.33,77.58,101.2,113.85,79.08,6750,16870,2.5,❌,❌,✅,✅,✅,觀察
20260410,4938,和碩,花旗環球,819,80.29,80.7,0.51%,83.5,79.08,7707182,81.0,10072889,84.33,77.58,101.2,113.85,79.08,6750,16870,2.5,❌,❌,✅,✅,✅,觀察
20260410,4949,有成精密,港商麥格理,1103,75.47,84.7,12.23%,84.7,69.69,4897687,84.7,6907506,85.55,78.71,102.66,115.49,69.69,6840,17110,2.5,❌,❌,✅,✅,✅,觀察
20260410,4958,臻鼎-KY,新加坡商瑞銀,-4539,0.0,265.0,0.0%,271.0,231.55,37836791,271.0,33745331,273.71,251.81,328.45,369.51,231.55,21900,54740,2.5,❌,❌,✅,✅,✅,觀察
20260410,4958,臻鼎-KY,美商美林,-2230,0.0,265.0,0.0%,271.0,231.55,37836791,271.0,33745331,273.71,251.81,328.45,369.51,231.55,21900,54740,2.5,❌,❌,✅,✅,✅,觀察
20260410,4958,臻鼎-KY,摩根大通 (小摩總部),-1568,0.0,265.0,0.0%,271.0,231.55,37836791,271.0,33745331,273.71,251.81,328.45,369.51,231.55,21900,54740,2.5,❌,❌,✅,✅,✅,觀察
20260410,4958,臻鼎-KY,花旗環球,-610,0.0,265.0,0.0%,271.0,231.55,37836791,271.0,33745331,273.71,251.81,328.45,369.51,231.55,21900,54740,2.5,❌,❌,✅,✅,✅,觀察
20260410,4967,十銓,美商美林,-1666,0.0,219.5,0.0%,288.5,217.6,8768382,229.5,9908011,291.38,268.07,349.66,393.36,217.6,23310,58280,2.5,❌,❌,✅,✅,✅,觀察
20260410,4967,十銓,摩根大通 (小摩總部),-409,0.0,219.5,0.0%,288.5,217.6,8768382,229.5,9908011,291.38,268.07,349.66,393.36,217.6,23310,58280,2.5,❌,❌,✅,✅,✅,觀察
20260410,4967,十銓,花旗環球,-514,0.0,219.5,0.0%,288.5,217.6,8768382,229.5,9908011,291.38,268.07,349.66,393.36,217.6,23310,58280,2.5,❌,❌,✅,✅,✅,觀察
20260410,4979,華星光,港商麥格理,-584,0.0,449.5,0.0%,449.5,399.2,2011651,449.5,3818597,454.0,417.68,544.8,612.9,399.2,36320,90800,2.5,❌,✅,✅,✅,✅,觀察
20260410,4989,榮科,新加坡商瑞銀,2979,74.82,80.7,7.86%,80.7,67.6,30493762,80.7,49960465,81.51,74.99,97.81,110.04,67.6,6520,16300,2.5,❌,✅,✅,✅,✅,觀察
20260410,4989,榮科,港商麥格理,1168,76.63,80.7,5.31%,80.7,67.6,30493762,80.7,49960465,81.51,74.99,97.81,110.04,67.6,6520,16300,2.5,❌,✅,✅,✅,✅,觀察
20260410,4989,榮科,美商高盛,1812,76.01,80.7,6.17%,80.7,67.6,30493762,80.7,49960465,81.51,74.99,97.81,110.04,67.6,6520,16300,2.5,❌,✅,✅,✅,✅,觀察
20260410,5243,乙盛-KY,摩根士丹利 (大摩總部),2115,107.06,119.0,11.15%,124.5,92.64,10703645,124.5,15928957,125.75,115.69,150.9,169.76,92.64,10060,25150,2.5,❌,❌,✅,✅,✅,觀察
20260410,5243,乙盛-KY,美商美林,2116,105.63,119.0,12.66%,124.5,92.64,10703645,124.5,15928957,125.75,115.69,150.9,169.76,92.64,10060,25150,2.5,❌,❌,✅,✅,✅,觀察
20260410,5289,宜鼎,摩根士丹利 (大摩總部),-1634,0.0,1155.0,0.0%,1400.0,986.5,3644307,1215.0,4157800,1414.0,1300.88,1696.8,1908.9,986.5,113120,282800,2.5,❌,❌,✅,✅,✅,觀察
20260410,5289,宜鼎,美商美林,-1274,0.0,1155.0,0.0%,1400.0,986.5,3644307,1215.0,4157800,1414.0,1300.88,1696.8,1908.9,986.5,113120,282800,2.5,❌,❌,✅,✅,✅,觀察
20260410,5347,世界,新加坡商瑞銀,2794,109.21,129.0,18.12%,133.5,121.1,24846857,133.5,19729206,134.84,124.05,161.81,182.03,121.1,10790,26970,2.5,❌,❌,✅,✅,✅,觀察
20260410,5347,世界,摩根士丹利 (大摩總部),8953,127.52,129.0,1.16%,133.5,121.1,24846857,133.5,19729206,134.84,124.05,161.81,182.03,121.1,10790,26970,2.5,❌,❌,✅,✅,✅,觀察
20260410,5347,世界,摩根大通 (小摩總部),-1243,0.0,129.0,0.0%,133.5,121.1,24846857,133.5,19729206,134.84,124.05,161.81,182.03,121.1,10790,26970,2.5,❌,❌,✅,✅,✅,觀察
20260410,5347,世界,香港上海匯豐,290,121.64,129.0,6.05%,133.5,121.1,24846857,133.5,19729206,134.84,124.05,161.81,182.03,121.1,10790,26970,2.5,❌,❌,✅,✅,✅,觀察
20260410,5347,世界,港商麥格理,-698,0.0,129.0,0.0%,133.5,121.1,24846857,133.5,19729206,134.84,124.05,161.81,182.03,121.1,10790,26970,2.5,❌,❌,✅,✅,✅,觀察
20260410,5347,世界,美商高盛,-2613,0.0,129.0,0.0%,133.5,121.1,24846857,133.5,19729206,134.84,124.05,161.81,182.03,121.1,10790,26970,2.5,❌,❌,✅,✅,✅,觀察
20260410,5347,世界,花旗環球,4398,138.03,129.0,-6.54%,133.5,121.1,24846857,133.5,19729206,134.84,124.05,161.81,182.03,121.1,10790,26970,2.5,❌,❌,✅,✅,✅,觀察
20260410,5351,鈺創,新加坡商瑞銀,-2653,0.0,70.7,0.0%,87.9,69.27,20488037,75.9,29437023,88.78,81.68,106.54,119.85,69.27,7100,17760,2.5,❌,❌,✅,✅,✅,觀察
20260410,5351,鈺創,摩根士丹利 (大摩總部),-4302,0.0,70.7,0.0%,87.9,69.27,20488037,75.9,29437023,88.78,81.68,106.54,119.85,69.27,7100,17760,2.5,❌,❌,✅,✅,✅,觀察
20260410,5351,鈺創,美商美林,-2813,0.0,70.7,0.0%,87.9,69.27,20488037,75.9,29437023,88.78,81.68,106.54,119.85,69.27,7100,17760,2.5,❌,❌,✅,✅,✅,觀察
20260410,5351,鈺創,港商麥格理,-2033,0.0,70.7,0.0%,87.9,69.27,20488037,75.9,29437023,88.78,81.68,106.54,119.85,69.27,7100,17760,2.5,❌,❌,✅,✅,✅,觀察
20260410,5388,中磊,港商麥格理,1391,83.97,84.1,0.15%,87.5,77.31,11160139,87.5,12099323,88.38,81.31,106.06,119.31,77.31,7070,17680,2.5,❌,❌,✅,✅,✅,觀察
20260410,5443,均豪,美商高盛,824,110.67,116.0,4.82%,118.5,105.09,9511723,118.5,13501018,119.69,110.11,143.63,161.58,105.09,9580,23940,2.5,❌,❌,✅,✅,✅,觀察
20260410,5483,中美晶,摩根士丹利 (大摩總部),2445,116.2,119.5,2.84%,130.0,111.55,7275401,122.0,15391910,131.3,120.8,157.56,177.26,111.55,10500,26260,2.5,❌,✅,✅,✅,✅,觀察
20260410,5871,中租-KY,摩根大通 (小摩總部),-519,0.0,107.0,0.0%,113.5,109.25,5052789,109.5,4636672,114.64,105.47,137.57,154.76,109.25,9170,22930,2.5,❌,❌,✅,❌,✅,觀察
20260410,5871,中租-KY,花旗環球,-1575,0.0,107.0,0.0%,113.5,109.25,5052789,109.5,4636672,114.64,105.47,137.57,154.76,109.25,9170,22930,2.5,❌,❌,✅,❌,✅,觀察
20260410,5880,合庫金,港商麥格理,4019,23.97,23.85,-0.5%,24.1,23.65,11704399,24.1,11608802,24.34,22.39,29.21,32.86,23.65,1950,4870,2.5,❌,❌,✅,✅,✅,觀察
20260410,6005,群益證,香港上海匯豐,-718,0.0,28.6,0.0%,29.6,28.18,7068173,28.65,7667176,29.9,27.51,35.88,40.37,28.18,2390,5980,2.5,❌,❌,✅,✅,✅,觀察
20260410,6139,亞翔,香港上海匯豐,-595,0.0,636.0,0.0%,672.0,559.0,5530268,646.0,9522219,678.72,624.42,814.46,916.27,559.0,54300,135740,2.5,❌,✅,✅,✅,✅,觀察
20260410,6147,頎邦,美商美林,-6070,0.0,106.0,0.0%,106.0,85.22,68398227,106.0,48107685,107.06,98.5,128.47,144.53,85.22,8560,21410,2.5,❌,❌,✅,✅,✅,觀察
20260410,6147,頎邦,摩根大通 (小摩總部),-910,0.0,106.0,0.0%,106.0,85.22,68398227,106.0,48107685,107.06,98.5,128.47,144.53,85.22,8560,21410,2.5,❌,❌,✅,✅,✅,觀察
20260410,6147,頎邦,香港上海匯豐,-222,0.0,106.0,0.0%,106.0,85.22,68398227,106.0,48107685,107.06,98.5,128.47,144.53,85.22,8560,21410,2.5,❌,❌,✅,✅,✅,觀察
20260410,6147,頎邦,美商高盛,-2740,0.0,106.0,0.0%,106.0,85.22,68398227,106.0,48107685,107.06,98.5,128.47,144.53,85.22,8560,21410,2.5,❌,❌,✅,✅,✅,觀察
20260410,6176,瑞儀,香港上海匯豐,319,90.6,89.0,-1.77%,98.3,91.46,3091051,91.0,4534876,99.28,91.34,119.14,134.03,91.46,7940,19860,2.5,❌,❌,✅,❌,✅,觀察
20260410,6176,瑞儀,花旗環球,-932,0.0,89.0,0.0%,98.3,91.46,3091051,91.0,4534876,99.28,91.34,119.14,134.03,91.46,7940,19860,2.5,❌,❌,✅,❌,✅,觀察
20260410,6213,聯茂,新加坡商瑞銀,-1507,0.0,214.0,0.0%,225.0,174.9,41057622,225.0,37862750,227.25,209.07,272.7,306.79,174.9,18180,45450,2.5,❌,❌,✅,✅,✅,觀察
20260410,6213,聯茂,摩根士丹利 (大摩總部),3610,177.63,214.0,20.48%,225.0,174.9,41057622,225.0,37862750,227.25,209.07,272.7,306.79,174.9,18180,45450,2.5,❌,❌,✅,✅,✅,觀察
20260410,6213,聯茂,美商美林,-3070,0.0,214.0,0.0%,225.0,174.9,41057622,225.0,37862750,227.25,209.07,272.7,306.79,174.9,18180,45450,2.5,❌,❌,✅,✅,✅,觀察
20260410,6213,聯茂,香港上海匯豐,401,173.1,214.0,23.63%,225.0,174.9,41057622,225.0,37862750,227.25,209.07,272.7,306.79,174.9,18180,45450,2.5,❌,❌,✅,✅,✅,觀察
20260410,6213,聯茂,港商麥格理,-698,0.0,214.0,0.0%,225.0,174.9,41057622,225.0,37862750,227.25,209.07,272.7,306.79,174.9,18180,45450,2.5,❌,❌,✅,✅,✅,觀察
20260410,6213,聯茂,美商高盛,-2915,0.0,214.0,0.0%,225.0,174.9,41057622,225.0,37862750,227.25,209.07,272.7,306.79,174.9,18180,45450,2.5,❌,❌,✅,✅,✅,觀察
20260410,6213,聯茂,花旗環球,879,187.26,214.0,14.28%,225.0,174.9,41057622,225.0,37862750,227.25,209.07,272.7,306.79,174.9,18180,45450,2.5,❌,❌,✅,✅,✅,觀察
20260410,6217,中探針,新加坡商瑞銀,-768,0.0,236.5,0.0%,236.5,192.3,20229295,236.5,24337119,238.87,219.76,286.64,322.47,192.3,19110,47770,2.5,❌,❌,✅,✅,✅,觀察
20260410,6217,中探針,摩根士丹利 (大摩總部),-2229,0.0,236.5,0.0%,236.5,192.3,20229295,236.5,24337119,238.87,219.76,286.64,322.47,192.3,19110,47770,2.5,❌,❌,✅,✅,✅,觀察
20260410,6217,中探針,港商麥格理,-649,0.0,236.5,0.0%,236.5,192.3,20229295,236.5,24337119,238.87,219.76,286.64,322.47,192.3,19110,47770,2.5,❌,❌,✅,✅,✅,觀察
20260410,6239,力成,新加坡商瑞銀,-1378,0.0,214.5,0.0%,219.0,200.05,11973930,217.5,10731720,221.19,203.49,265.43,298.61,200.05,17700,44240,2.5,❌,❌,✅,✅,✅,觀察
20260410,6239,力成,摩根士丹利 (大摩總部),-1952,0.0,214.5,0.0%,219.0,200.05,11973930,217.5,10731720,221.19,203.49,265.43,298.61,200.05,17700,44240,2.5,❌,❌,✅,✅,✅,觀察
20260410,6257,矽格,新加坡商瑞銀,-2751,0.0,176.0,0.0%,180.5,156.9,21389985,180.5,15569045,182.31,167.73,218.77,246.12,156.9,14580,36460,2.5,❌,❌,✅,✅,✅,觀察
20260410,6257,矽格,花旗環球,548,172.69,176.0,1.92%,180.5,156.9,21389985,180.5,15569045,182.31,167.73,218.77,246.12,156.9,14580,36460,2.5,❌,❌,✅,✅,✅,觀察
20260410,6271,同欣電,美商美林,2135,168.75,171.5,1.63%,177.0,155.55,8165184,177.0,9809166,178.77,164.47,214.52,241.34,155.55,14300,35750,2.5,❌,❌,✅,✅,✅,觀察
20260410,6271,同欣電,香港上海匯豐,113,158.97,171.5,7.88%,177.0,155.55,8165184,177.0,9809166,178.77,164.47,214.52,241.34,155.55,14300,35750,2.5,❌,❌,✅,✅,✅,觀察
20260410,6274,台燿,新加坡商瑞銀,-641,0.0,808.0,0.0%,838.0,666.0,14579631,838.0,14734082,846.38,778.67,1015.66,1142.61,666.0,67710,169280,2.5,❌,❌,✅,✅,✅,觀察
20260410,6274,台燿,美商美林,1938,728.94,808.0,10.85%,838.0,666.0,14579631,838.0,14734082,846.38,778.67,1015.66,1142.61,666.0,67710,169280,2.5,❌,❌,✅,✅,✅,觀察
20260410,6274,台燿,摩根大通 (小摩總部),-108,0.0,808.0,0.0%,838.0,666.0,14579631,838.0,14734082,846.38,778.67,1015.66,1142.61,666.0,67710,169280,2.5,❌,❌,✅,✅,✅,觀察
20260410,6282,康舒,港商麥格理,2349,46.17,46.15,-0.04%,55.0,46.1,13768762,47.9,12847682,55.55,51.11,66.66,74.99,46.1,4440,11110,2.5,❌,❌,✅,✅,✅,觀察
20260410,6285,啟��,美商美林,-1353,0.0,225.5,0.0%,233.0,193.2,43761712,233.0,31699443,235.33,216.5,282.4,317.7,193.2,18830,47070,2.5,❌,❌,✅,✅,✅,觀察
20260410,6285,啟��,香港上海匯豐,1907,214.94,225.5,4.91%,233.0,193.2,43761712,233.0,31699443,235.33,216.5,282.4,317.7,193.2,18830,47070,2.5,❌,❌,✅,✅,✅,觀察
20260410,6409,旭隼,摩根大通 (小摩總部),-343,0.0,714.0,0.0%,817.0,736.6,689636,723.0,1084093,825.17,759.16,990.2,1113.98,736.6,66010,165030,2.5,❌,✅,✅,❌,✅,觀察
20260410,6415,矽力*-KY,摩根大通 (小摩總部),1786,286.94,279.5,-2.59%,320.0,285.45,4184819,294.5,4352468,323.2,297.34,387.84,436.32,285.45,25860,64640,2.5,❌,❌,✅,❌,✅,觀察
20260410,6456,GIS-KY,香港上海匯豐,642,56.42,52.8,-6.42%,69.3,55.59,4139434,55.0,4132514,69.99,64.39,83.99,94.49,55.59,5600,14000,2.5,❌,❌,✅,❌,✅,觀察
20260410,6472,保瑞,摩根大通 (小摩總部),-233,0.0,411.5,0.0%,526.0,435.65,1236937,420.0,1025672,531.26,488.76,637.51,717.2,435.65,42500,106250,2.5,❌,❌,✅,❌,✅,觀察
20260410,6488,環球晶,摩根大通 (小摩總部),457,444.43,490.5,10.37%,494.5,436.85,4299885,492.0,10205627,499.44,459.48,599.33,674.24,436.85,39960,99890,2.5,❌,✅,✅,✅,✅,觀察
20260410,6505,台塑化,香港上海匯豐,642,54.95,52.0,-5.37%,63.0,54.97,15642367,53.4,10978651,63.63,58.54,76.36,85.9,54.97,5090,12730,2.5,❌,❌,✅,❌,✅,觀察
20260410,6669,緯穎,摩根大通 (小摩總部),325,3555.06,3630.0,2.11%,4185.0,3453.5,1270399,3670.0,1301778,4226.85,3888.7,5072.22,5706.25,3453.5,338150,845370,2.5,❌,❌,✅,✅,✅,觀察
20260410,6706,惠特,美商高盛,808,127.4,140.0,9.89%,140.0,123.75,6263720,140.0,11475581,141.4,130.09,169.68,190.89,123.75,11310,28280,2.5,❌,✅,✅,✅,✅,觀察
20260410,6770,力積電,摩根士丹利 (大摩總部),-4946,0.0,55.4,0.0%,78.0,56.26,126392196,57.0,133762951,78.78,72.48,94.54,106.35,56.26,6300,15760,2.5,❌,❌,✅,❌,✅,觀察
20260410,6770,力積電,美商美林,-11751,0.0,55.4,0.0%,78.0,56.26,126392196,57.0,133762951,78.78,72.48,94.54,106.35,56.26,6300,15760,2.5,❌,❌,✅,❌,✅,觀察
20260410,6770,力積電,香港上海匯豐,-3744,0.0,55.4,0.0%,78.0,56.26,126392196,57.0,133762951,78.78,72.48,94.54,106.35,56.26,6300,15760,2.5,❌,❌,✅,❌,✅,觀察
20260410,6890,來億-KY,摩根大通 (小摩總部),-252,0.0,151.5,0.0%,188.0,160.4,671928,154.0,488249,189.88,174.69,227.86,256.34,160.4,15190,37980,2.5,❌,❌,✅,❌,✅,觀察
20260410,6919,康霈*,新加坡商瑞銀,-1469,0.0,112.0,0.0%,133.0,96.83,26300429,115.5,9471617,134.33,123.58,161.2,181.35,96.83,10750,26870,2.5,❌,❌,✅,✅,✅,觀察
20260410,6919,康霈*,美商美林,-1909,0.0,112.0,0.0%,133.0,96.83,26300429,115.5,9471617,134.33,123.58,161.2,181.35,96.83,10750,26870,2.5,❌,❌,✅,✅,✅,觀察
20260410,6919,康霈*,摩根大通 (小摩總部),922,96.87,112.0,15.62%,133.0,96.83,26300429,115.5,9471617,134.33,123.58,161.2,181.35,96.83,10750,26870,2.5,❌,❌,✅,✅,✅,觀察
20260410,6919,康霈*,港商麥格理,-1263,0.0,112.0,0.0%,133.0,96.83,26300429,115.5,9471617,134.33,123.58,161.2,181.35,96.83,10750,26870,2.5,❌,❌,✅,✅,✅,觀察
20260410,6919,康霈*,花旗環球,855,123.37,112.0,-9.22%,133.0,96.83,26300429,115.5,9471617,134.33,123.58,161.2,181.35,96.83,10750,26870,2.5,❌,❌,✅,✅,✅,觀察
20260410,8028,昇陽半導體,美商美林,1513,199.68,199.0,-0.34%,207.5,187.3,13296373,207.5,16935568,209.57,192.8,251.48,282.92,187.3,16770,41910,2.5,❌,❌,✅,✅,✅,觀察
20260410,8028,昇陽半導體,港商麥格理,1105,193.89,199.0,2.64%,207.5,187.3,13296373,207.5,16935568,209.57,192.8,251.48,282.92,187.3,16770,41910,2.5,❌,❌,✅,✅,✅,觀察
20260410,8028,昇陽半導體,美商高盛,854,187.9,199.0,5.91%,207.5,187.3,13296373,207.5,16935568,209.57,192.8,251.48,282.92,187.3,16770,41910,2.5,❌,❌,✅,✅,✅,觀察
20260410,8039,台虹,摩根士丹利 (大摩總部),2029,128.72,137.0,6.43%,146.0,119.35,28013741,146.0,32849601,147.46,135.66,176.95,199.07,119.35,11800,29490,2.5,❌,❌,✅,✅,✅,觀察
20260410,8046,南電,摩根士丹利 (大摩總部),4348,641.48,667.0,3.98%,693.0,597.1,29155061,685.0,20802258,699.93,643.94,839.92,944.91,597.1,55990,139990,2.5,❌,❌,✅,✅,✅,觀察
20260410,8046,南電,摩根大通 (小摩總部),-423,0.0,667.0,0.0%,693.0,597.1,29155061,685.0,20802258,699.93,643.94,839.92,944.91,597.1,55990,139990,2.5,❌,❌,✅,✅,✅,觀察
20260410,8046,南電,港商麥格理,-621,0.0,667.0,0.0%,693.0,597.1,29155061,685.0,20802258,699.93,643.94,839.92,944.91,597.1,55990,139990,2.5,❌,❌,✅,✅,✅,觀察
20260410,8046,南電,美商高盛,-1163,0.0,667.0,0.0%,693.0,597.1,29155061,685.0,20802258,699.93,643.94,839.92,944.91,597.1,55990,139990,2.5,❌,❌,✅,✅,✅,觀察
20260410,8069,元太,新加坡商瑞銀,1799,141.21,143.0,1.27%,162.5,143.1,4687803,146.5,4526280,164.12,150.99,196.94,221.56,143.1,13130,32820,2.5,❌,❌,✅,❌,✅,觀察
20260410,8069,元太,摩根大通 (小摩總部),-940,0.0,143.0,0.0%,162.5,143.1,4687803,146.5,4526280,164.12,150.99,196.94,221.56,143.1,13130,32820,2.5,❌,❌,✅,❌,✅,觀察
20260410,8069,元太,香港上海匯豐,-162,0.0,143.0,0.0%,162.5,143.1,4687803,146.5,4526280,164.12,150.99,196.94,221.56,143.1,13130,32820,2.5,❌,❌,✅,❌,✅,觀察
20260410,8069,元太,港商麥格理,-622,0.0,143.0,0.0%,162.5,143.1,4687803,146.5,4526280,164.12,150.99,196.94,221.56,143.1,13130,32820,2.5,❌,❌,✅,❌,✅,觀察
20260410,8069,元太,美商高盛,972,144.4,143.0,-0.97%,162.5,143.1,4687803,146.5,4526280,164.12,150.99,196.94,221.56,143.1,13130,32820,2.5,❌,❌,✅,❌,✅,觀察
20260410,8069,元太,花旗環球,-888,0.0,143.0,0.0%,162.5,143.1,4687803,146.5,4526280,164.12,150.99,196.94,221.56,143.1,13130,32820,2.5,❌,❌,✅,❌,✅,觀察
20260410,8096,擎亞,新加坡商瑞銀,-1310,0.0,95.3,0.0%,109.0,92.75,29772042,99.3,23748219,110.09,101.28,132.11,148.62,92.75,8810,22020,2.5,❌,❌,✅,✅,✅,觀察
20260410,8096,擎亞,摩根大通 (小摩總部),-2820,0.0,95.3,0.0%,109.0,92.75,29772042,99.3,23748219,110.09,101.28,132.11,148.62,92.75,8810,22020,2.5,❌,❌,✅,✅,✅,觀察
20260410,8112,至上,新加坡商瑞銀,-2389,0.0,81.6,0.0%,97.9,78.65,15704063,86.9,28105335,98.88,90.97,118.66,133.49,78.65,7910,19780,2.5,❌,✅,✅,✅,✅,觀察
20260410,8112,至上,摩根士丹利 (大摩總部),-3753,0.0,81.6,0.0%,97.9,78.65,15704063,86.9,28105335,98.88,90.97,118.66,133.49,78.65,7910,19780,2.5,❌,✅,✅,✅,✅,觀察
20260410,8271,宇瞻,新加坡商瑞銀,-888,0.0,164.5,0.0%,216.0,146.9,7980004,169.5,10117250,218.16,200.71,261.79,294.52,146.9,17450,43630,2.5,❌,❌,✅,✅,✅,觀察
20260410,8271,宇瞻,摩根士丹利 (大摩總部),-2722,0.0,164.5,0.0%,216.0,146.9,7980004,169.5,10117250,218.16,200.71,261.79,294.52,146.9,17450,43630,2.5,❌,❌,✅,✅,✅,觀察
20260410,8271,宇瞻,港商麥格理,-760,0.0,164.5,0.0%,216.0,146.9,7980004,169.5,10117250,218.16,200.71,261.79,294.52,146.9,17450,43630,2.5,❌,❌,✅,✅,✅,觀察
20260410,8271,宇瞻,美商高盛,-938,0.0,164.5,0.0%,216.0,146.9,7980004,169.5,10117250,218.16,200.71,261.79,294.52,146.9,17450,43630,2.5,❌,❌,✅,✅,✅,觀察
20260410,8299,群聯,美商美林,-2544,0.0,1660.0,0.0%,2080.0,1609.5,7447917,1745.0,7895661,2100.8,1932.74,2520.96,2836.08,1609.5,168060,420160,2.5,❌,❌,✅,✅,✅,觀察
20260410,8358,金居,摩根士丹利 (大摩總部),2779,268.62,273.5,1.82%,285.0,248.6,22153827,285.0,28816412,287.85,264.82,345.42,388.6,248.6,23030,57570,2.5,❌,❌,✅,✅,✅,觀察
20260410,8996,高力,摩根大通 (小摩總部),-100,0.0,1040.0,0.0%,1070.0,909.54,4597441,1070.0,4819761,1080.7,994.24,1296.84,1458.95,909.54,86460,216140,2.5,❌,❌,✅,✅,✅,觀察
20260410,9904,寶成,新加坡商瑞銀,-3300,0.0,28.4,0.0%,30.35,28.59,6913851,28.65,12760578,30.65,28.2,36.78,41.38,28.59,2450,6130,2.5,❌,✅,✅,❌,✅,觀察
20260410,9904,寶成,摩根大通 (小摩總部),-1957,0.0,28.4,0.0%,30.35,28.59,6913851,28.65,12760578,30.65,28.2,36.78,41.38,28.59,2450,6130,2.5,❌,✅,✅,❌,✅,觀察
20260410,9914,美利達,香港上海匯豐,-960,0.0,59.4,0.0%,71.8,63.72,3933635,60.1,2656022,72.52,66.72,87.02,97.9,63.72,5800,14500,2.5,❌,❌,✅,❌,✅,觀察
20260410,9921,巨大,花旗環球,-695,0.0,67.3,0.0%,76.6,70.44,1848083,69.4,2203059,77.37,71.18,92.84,104.45,70.44,6190,15470,2.5,❌,❌,✅,❌,✅,觀察
